countries,year,carriers,AL,AT,BA,BE,BG,CH,CZ,DE,DK,EE,ES,FI,FR,GB,GR,HR,HU,IE,IT,LT,LU,LV,ME,MK,NL,NO,PL,PT,RO,RS,SE,SI,SK
AL,2030,elec,0.0,0.0,0.0,0.0,0.0,0.0,0.0,0.0,0.0,0.0,0.0,0.0,0.0,0.0,1.6158621418494057,0.0,0.0,0.0,0.0,0.0,0.0,0.0,4.3712025081144095,0.2708884477205579,0.0,0.0,0.0,0.0,0.0,3.2244840639077754,0.0,0.0,0.0
AT,2030,elec,0.0,0.0,0.0,0.0,0.0,3.633498559356772,0.8203278124511223,7.798849910602963,0.0,0.0,0.0,0.0,0.0,0.0,0.0,0.0,5.945127914586221,0.0,1.5970540426468185,0.0,0.0,0.0,0.0,0.0,0.0,0.0,0.0,0.0,0.0,0.0,0.0,10.739086984954179,0.0
BA,2030,elec,0.0,0.0,0.0,0.0,0.0,0.0,0.0,0.0,0.0,0.0,0.0,0.0,0.0,0.0,0.0,5.897136439639395,0.0,0.0,0.0,0.0,0.0,0.0,2.6493271211454203,0.0,0.0,0.0,0.0,0.0,0.0,2.995851352891736,0.0,0.0,0.0
BE,2030,elec,0.0,0.0,0.0,0.0,0.0,0.0,0.0,0.0,0.0,0.0,0.0,0.0,11.986489146078803,3.862789446560826,0.0,0.0,0.0,0.0,0.0,0.0,2.6780808556412623,0.0,0.0,0.0,7.605702947571258,0.0,0.0,0.0,0.0,0.0,0.0,0.0,0.0
BG,2030,elec,0.0,0.0,0.0,0.0,0.0,0.0,0.0,0.0,0.0,0.0,0.0,0.0,0.0,0.0,1.4284666090877283,0.0,0.0,0.0,0.0,0.0,0.0,0.0,0.0,2.1939804008827424,0.0,0.0,0.0,0.0,7.2178132896351865,2.8640866052782505,0.0,0.0,0.0
CH,2030,elec,0.0,7.415220144719454,0.0,0.0,0.0,0.0,0.0,22.017552096224065,0.0,0.0,0.0,0.0,20.503266855184698,0.0,0.0,0.0,0.0,0.0,21.473549548638935,0.0,0.0,0.0,0.0,0.0,0.0,0.0,0.0,0.0,0.0,0.0,0.0,0.0,0.0
CZ,2030,elec,0.0,9.150864526814384,0.0,0.0,0.0,0.0,0.0,7.897797257610189,0.0,0.0,0.0,0.0,0.0,0.0,0.0,0.0,0.0,0.0,0.0,0.0,0.0,0.0,0.0,0.0,0.0,0.0,5.480924517487297,0.0,0.0,0.0,0.0,0.0,9.954426630969877
DE,2030,elec,0.0,31.825460585012664,0.0,0.0,0.0,45.93775378503035,8.699962988017166,0.0,3.403155329817991,0.0,0.0,0.0,18.735500094898207,0.0,0.0,0.0,0.0,0.0,0.0,0.0,8.506030995450583,0.0,0.0,0.0,34.3424110077636,0.0,9.533244039676187,0.0,0.0,0.0,1.45545532086717,0.0,0.0
DK,2030,elec,0.0,0.0,0.0,0.0,0.0,0.0,0.0,11.386757438282661,0.0,0.0,0.0,0.0,0.0,0.0,0.0,0.0,0.0,0.0,0.0,0.0,0.0,0.0,0.0,0.0,0.0,48.496694654723356,0.0,0.0,0.0,0.0,0.8232107610763431,0.0,0.0
EE,2030,elec,0.0,0.0,0.0,0.0,0.0,0.0,0.0,0.0,0.0,0.0,0.0,2.8925245050969046,0.0,0.0,0.0,0.0,0.0,0.0,0.0,0.0,0.0,1.3207782230806882,0.0,0.0,0.0,0.0,0.0,0.0,0.0,0.0,0.0,0.0,0.0
ES,2030,elec,0.0,0.0,0.0,0.0,0.0,0.0,0.0,0.0,0.0,0.0,0.0,0.0,23.391102112995824,0.0,0.0,0.0,0.0,0.0,0.0,0.0,0.0,0.0,0.0,0.0,0.0,0.0,0.0,20.790678806901873,0.0,0.0,0.0,0.0,0.0
FI,2030,elec,0.0,0.0,0.0,0.0,0.0,0.0,0.0,0.0,0.0,0.0,0.0,0.0,0.0,0.0,0.0,0.0,0.0,0.0,0.0,0.0,0.0,0.0,0.0,0.0,0.0,0.0,0.0,0.0,0.0,0.0,0.0,0.0,0.0
FR,2030,elec,0.0,0.0,0.0,11.92746495022436,0.0,13.597053260449929,0.0,9.294675310310605,0.0,0.0,17.407341626243742,0.0,0.0,35.1956782000013,0.0,0.0,0.0,0.0,10.99169736846817,0.0,0.0,0.0,0.0,0.0,0.0,0.0,0.0,0.0,0.0,0.0,0.0,0.0,0.0
GB,2030,elec,0.0,0.0,0.0,32.997041999960686,0.0,0.0,0.0,0.0,0.0,0.0,0.0,0.0,81.90617179940759,0.0,0.0,0.0,0.0,1.326370277505088,0.0,0.0,0.0,0.0,0.0,0.0,16.401657962827645,0.0,0.0,0.0,0.0,0.0,0.0,0.0,0.0
GR,2030,elec,3.676438210734502,0.0,0.0,0.0,2.166239259006736,0.0,0.0,0.0,0.0,0.0,0.0,0.0,0.0,0.0,0.0,0.0,0.0,0.0,1.2085537948700713,0.0,0.0,0.0,0.0,7.903795358612568,0.0,0.0,0.0,0.0,0.0,0.0,0.0,0.0,0.0
HR,2030,elec,0.0,0.0,8.064885741396125,0.0,0.0,0.0,0.0,0.0,0.0,0.0,0.0,0.0,0.0,0.0,0.0,0.0,1.0129071244137162,0.0,0.0,0.0,0.0,0.0,0.0,0.0,0.0,0.0,0.0,0.0,0.0,2.679964881158619,0.0,5.04943222496972,0.0
HU,2030,elec,0.0,4.956200756820709,0.0,0.0,0.0,0.0,0.0,0.0,0.0,0.0,0.0,0.0,0.0,0.0,0.0,4.658781120035761,0.0,0.0,0.0,0.0,0.0,0.0,0.0,0.0,0.0,0.0,0.0,0.0,5.210622931101127,3.5999439439014957,0.0,0.0,4.423497320278866
IE,2030,elec,0.0,0.0,0.0,0.0,0.0,0.0,0.0,0.0,0.0,0.0,0.0,0.0,0.0,0.1403028782946425,0.0,0.0,0.0,0.0,0.0,0.0,0.0,0.0,0.0,0.0,0.0,0.0,0.0,0.0,0.0,0.0,0.0,0.0,0.0
IT,2030,elec,0.0,0.7360611786141464,0.0,0.0,0.0,9.201236780362159,0.0,0.0,0.0,0.0,0.0,0.0,5.3586738879756215,0.0,0.5940857623884143,0.0,0.0,0.0,0.0,0.0,0.0,0.0,0.0,0.0,0.0,0.0,0.0,0.0,0.0,0.0,0.0,2.7815075366481947,0.0
LT,2030,elec,0.0,0.0,0.0,0.0,0.0,0.0,0.0,0.0,0.0,0.0,0.0,0.0,0.0,0.0,0.0,0.0,0.0,0.0,0.0,0.0,0.0,5.202769287802333,0.0,0.0,0.0,0.0,1.4463597504154793,0.0,0.0,0.0,1.0452586270902686,0.0,0.0
LU,2030,elec,0.0,0.0,0.0,2.5804395558274784,0.0,0.0,0.0,0.4788245535970965,0.0,0.0,0.0,0.0,0.0,0.0,0.0,0.0,0.0,0.0,0.0,0.0,0.0,0.0,0.0,0.0,0.0,0.0,0.0,0.0,0.0,0.0,0.0,0.0,0.0
LV,2030,elec,0.0,0.0,0.0,0.0,0.0,0.0,0.0,0.0,0.0,5.7384311718801175,0.0,0.0,0.0,0.0,0.0,0.0,0.0,0.0,0.0,1.3668300849344504,0.0,0.0,0.0,0.0,0.0,0.0,0.0,0.0,0.0,0.0,0.0,0.0,0.0
ME,2030,elec,1.227343880944784,0.0,4.346003812652238,0.0,0.0,0.0,0.0,0.0,0.0,0.0,0.0,0.0,0.0,0.0,0.0,0.0,0.0,0.0,0.0,0.0,0.0,0.0,0.0,0.0,0.0,0.0,0.0,0.0,0.0,2.65476329415789,0.0,0.0,0.0
MK,2030,elec,0.22621969339325612,0.0,0.0,0.0,0.601919466614369,0.0,0.0,0.0,0.0,0.0,0.0,0.0,0.0,0.0,1.7161110598686682,0.0,0.0,0.0,0.0,0.0,0.0,0.0,0.0,0.0,0.0,0.0,0.0,0.0,0.0,5.654734242921209,0.0,0.0,0.0
NL,2030,elec,0.0,0.0,0.0,12.686179209513462,0.0,0.0,0.0,12.7763318599959,0.0,0.0,0.0,0.0,0.0,6.932028445146904,0.0,0.0,0.0,0.0,0.0,0.0,0.0,0.0,0.0,0.0,0.0,1.8188137606836752,0.0,0.0,0.0,0.0,0.0,0.0,0.0
NO,2030,elec,0.0,0.0,0.0,0.0,0.0,0.0,0.0,0.0,34.18739723019924,0.0,0.0,0.0,0.0,0.0,0.0,0.0,0.0,0.0,0.0,0.0,0.0,0.0,0.0,0.0,2.1997070894902975,0.0,0.0,0.0,0.0,0.0,8.63963192837733,0.0,0.0
PL,2030,elec,0.0,0.0,0.0,0.0,0.0,0.0,5.451129875958125,8.932783625465154,0.0,0.0,0.0,0.0,0.0,0.0,0.0,0.0,0.0,0.0,0.0,8.049181725194792,0.0,0.0,0.0,0.0,0.0,0.0,0.0,0.0,0.0,0.0,1.9202203518483567,0.0,5.07343696372474
PT,2030,elec,0.0,0.0,0.0,0.0,0.0,0.0,0.0,0.0,0.0,0.0,1.303852455790376,0.0,0.0,0.0,0.0,0.0,0.0,0.0,0.0,0.0,0.0,0.0,0.0,0.0,0.0,0.0,0.0,0.0,0.0,0.0,0.0,0.0,0.0
RO,2030,elec,0.0,0.0,0.0,0.0,0.6288824873312167,0.0,0.0,0.0,0.0,0.0,0.0,0.0,0.0,0.0,0.0,0.0,4.800104867978012,0.0,0.0,0.0,0.0,0.0,0.0,0.0,0.0,0.0,0.0,0.0,0.0,5.122490903021328,0.0,0.0,0.0
RS,2030,elec,0.26914795213578585,0.0,2.314861923410744,0.0,0.1992030015025937,0.0,0.0,0.0,0.0,0.0,0.0,0.0,0.0,0.0,0.0,2.0064344486453263,2.107331798952719,0.0,0.0,0.0,0.0,0.0,0.4031201255384871,2.070552361848605,0.0,0.0,0.0,0.0,1.1009377718833635,0.0,0.0,0.0,0.0
SE,2030,elec,0.0,0.0,0.0,0.0,0.0,0.0,0.0,1.7363582585622885,12.163833410661038,0.0,0.0,2.9341490172356677,0.0,0.0,0.0,0.0,0.0,0.0,0.0,2.2754088982290392,0.0,0.0,0.0,0.0,0.0,13.130701966906908,1.2009226228412353,0.0,0.0,0.0,0.0,0.0,0.0
SI,2030,elec,0.0,7.9581013754480265,0.0,0.0,0.0,0.0,0.0,0.0,0.0,0.0,0.0,0.0,0.0,0.0,0.0,10.864287831113407,0.0,0.0,6.977000469582952,0.0,0.0,0.0,0.0,0.0,0.0,0.0,0.0,0.0,0.0,0.0,0.0,0.0,0.0
SK,2030,elec,0.0,0.0,0.0,0.0,0.0,0.0,3.8374461658984824,0.0,0.0,0.0,0.0,0.0,0.0,0.0,0.0,0.0,13.721451053259786,0.0,0.0,0.0,0.0,0.0,0.0,0.0,0.0,0.0,3.0405248049658313,0.0,0.0,0.0,0.0,0.0,0.0
AL,2040,elec,0.0,0.0,0.0,0.0,0.0,0.0,0.0,0.0,0.0,0.0,0.0,0.0,0.0,0.0,1.7021119614806641,0.0,0.0,0.0,0.0,0.0,0.0,0.0,7.027585301581565,0.6631731197392863,0.0,0.0,0.0,0.0,0.0,5.750983798769672,0.0,0.0,0.0
AT,2040,elec,0.0,0.0,0.0,0.0,0.0,1.735088618792525,14.80225051642033,14.225947812460582,0.0,0.0,0.0,0.0,0.0,0.0,0.0,0.0,10.773458276665961,0.0,1.3625941969553275,0.0,0.0,0.0,0.0,0.0,0.0,0.0,0.0,0.0,0.0,0.0,0.0,15.095504402647723,0.0
BA,2040,elec,0.0,0.0,0.0,0.0,0.0,0.0,0.0,0.0,0.0,0.0,0.0,0.0,0.0,0.0,0.0,8.578994600614116,0.0,0.0,0.0,0.0,0.0,0.0,3.1658788134877254,0.0,0.0,0.0,0.0,0.0,0.0,3.8857138727872655,0.0,0.0,0.0
BE,2040,elec,0.0,0.0,0.0,0.0,0.0,0.0,0.0,61.86673727103732,0.0,0.0,0.0,0.0,5.923852023770386,12.080244108031199,0.0,0.0,0.0,0.0,0.0,0.0,10.246592183740477,0.0,0.0,0.0,39.159905936571946,0.0,0.0,0.0,0.0,0.0,0.0,0.0,0.0
BG,2040,elec,0.0,0.0,0.0,0.0,0.0,0.0,0.0,0.0,0.0,0.0,0.0,0.0,0.0,0.0,1.0412186484399117,0.0,0.0,0.0,0.0,0.0,0.0,0.0,0.0,0.8642485644687803,0.0,0.0,0.0,0.0,11.479248450805706,2.4162617890144893,0.0,0.0,0.0
CH,2040,elec,0.0,21.966487492609062,0.0,0.0,0.0,0.0,0.0,56.7328372565493,0.0,0.0,0.0,0.0,13.77702045715786,0.0,0.0,0.0,0.0,0.0,18.795882357305057,0.0,0.0,0.0,0.0,0.0,0.0,0.0,0.0,0.0,0.0,0.0,0.0,0.0,0.0
CZ,2040,elec,0.0,1.3906868906297196,0.0,0.0,0.0,0.0,0.0,3.78901670949862,0.0,0.0,0.0,0.0,0.0,0.0,0.0,0.0,0.0,0.0,0.0,0.0,0.0,0.0,0.0,0.0,0.0,0.0,10.34919882609481,0.0,0.0,0.0,0.0,0.0,5.663768582084275
DE,2040,elec,0.0,34.45417853468146,0.0,15.684412953544312,0.0,17.834427362728416,27.17869292199375,0.0,2.243848211196833,0.0,0.0,0.0,5.486854405145736,0.0,0.0,0.0,0.0,0.0,0.0,0.0,3.6094021696147447,0.0,0.0,0.0,16.405162206756707,0.0,24.345410210101072,0.0,0.0,0.0,0.7839936183122539,0.0,0.0
DK,2040,elec,0.0,0.0,0.0,0.0,0.0,0.0,0.0,11.556684377262922,0.0,0.0,0.0,0.0,0.0,0.0,0.0,0.0,0.0,0.0,0.0,0.0,0.0,0.0,0.0,0.0,0.0,43.649328142670825,0.0,0.0,0.0,0.0,0.4167752456417586,0.0,0.0
EE,2040,elec,0.0,0.0,0.0,0.0,0.0,0.0,0.0,0.0,0.0,0.0,0.0,1.7904286005574688,0.0,0.0,0.0,0.0,0.0,0.0,0.0,0.0,0.0,10.40432907080016,0.0,0.0,0.0,0.0,0.0,0.0,0.0,0.0,0.0,0.0,0.0
ES,2040,elec,0.0,0.0,0.0,0.0,0.0,0.0,0.0,0.0,0.0,0.0,0.0,0.0,105.31170325736223,0.0,0.0,0.0,0.0,0.0,0.0,0.0,0.0,0.0,0.0,0.0,0.0,0.0,0.0,27.252343378395164,0.0,0.0,0.0,0.0,0.0
FI,2040,elec,0.0,0.0,0.0,0.0,0.0,0.0,0.0,0.0,0.0,1.1608029634016759,0.0,0.0,0.0,0.0,0.0,0.0,0.0,0.0,0.0,0.0,0.0,0.0,0.0,0.0,0.0,0.0,0.0,0.0,0.0,0.0,0.1424955057005699,0.0,0.0
FR,2040,elec,0.0,0.0,0.0,28.053711048268884,0.0,63.8680224898389,0.0,42.34436561891693,0.0,0.0,45.56557436840143,0.0,0.0,97.35031282501754,0.0,0.0,0.0,0.0,26.853488959216513,0.0,0.0,0.0,0.0,0.0,0.0,0.0,0.0,0.0,0.0,0.0,0.0,0.0,0.0
GB,2040,elec,0.0,0.0,0.0,129.4169894516374,0.0,0.0,0.0,0.0,0.0,0.0,0.0,0.0,105.87608251293906,0.0,0.0,0.0,0.0,1.0514275094619718,0.0,0.0,0.0,0.0,0.0,0.0,61.70684431518818,0.0,0.0,0.0,0.0,0.0,0.0,0.0,0.0
GR,2040,elec,4.261353934937455,0.0,0.0,0.0,4.142650887681967,0.0,0.0,0.0,0.0,0.0,0.0,0.0,0.0,0.0,0.0,0.0,0.0,0.0,1.1047816917984243,0.0,0.0,0.0,0.0,10.072335673252882,0.0,0.0,0.0,0.0,0.0,0.0,0.0,0.0,0.0
HR,2040,elec,0.0,0.0,8.493603428747178,0.0,0.0,0.0,0.0,0.0,0.0,0.0,0.0,0.0,0.0,0.0,0.0,0.0,7.160370385628859,0.0,0.0,0.0,0.0,0.0,0.0,0.0,0.0,0.0,0.0,0.0,0.0,3.0890503885956617,0.0,6.467956767522268,0.0
HU,2040,elec,0.0,4.544671048347755,0.0,0.0,0.0,0.0,0.0,0.0,0.0,0.0,0.0,0.0,0.0,0.0,0.0,2.707645058718798,0.0,0.0,0.0,0.0,0.0,0.0,0.0,0.0,0.0,0.0,0.0,0.0,6.968096235755512,3.3776800611632867,0.0,0.0,12.949404169532912
IE,2040,elec,0.0,0.0,0.0,0.0,0.0,0.0,0.0,0.0,0.0,0.0,0.0,0.0,0.0,0.7129573350170213,0.0,0.0,0.0,0.0,0.0,0.0,0.0,0.0,0.0,0.0,0.0,0.0,0.0,0.0,0.0,0.0,0.0,0.0,0.0
IT,2040,elec,0.0,2.0466740752941366,0.0,0.0,0.0,18.035059187778423,0.0,0.0,0.0,0.0,0.0,0.0,10.690290053640979,0.0,1.3226949081396764,0.0,0.0,0.0,0.0,0.0,0.0,0.0,0.0,0.0,0.0,0.0,0.0,0.0,0.0,0.0,0.0,10.022784923891155,0.0
LT,2040,elec,0.0,0.0,0.0,0.0,0.0,0.0,0.0,0.0,0.0,0.0,0.0,0.0,0.0,0.0,0.0,0.0,0.0,0.0,0.0,0.0,0.0,1.7907920994531272,0.0,0.0,0.0,0.0,9.462881649205418,0.0,0.0,0.0,0.8704468153271347,0.0,0.0
LU,2040,elec,0.0,0.0,0.0,1.1219171324184463,0.0,0.0,0.0,3.572353478985851,0.0,0.0,0.0,0.0,0.0,0.0,0.0,0.0,0.0,0.0,0.0,0.0,0.0,0.0,0.0,0.0,0.0,0.0,0.0,0.0,0.0,0.0,0.0,0.0,0.0
LV,2040,elec,0.0,0.0,0.0,0.0,0.0,0.0,0.0,0.0,0.0,1.9174435619376287,0.0,0.0,0.0,0.0,0.0,0.0,0.0,0.0,0.0,10.21027649013939,0.0,0.0,0.0,0.0,0.0,0.0,0.0,0.0,0.0,0.0,0.0,0.0,0.0
ME,2040,elec,0.8499265668551144,0.0,5.014185746907424,0.0,0.0,0.0,0.0,0.0,0.0,0.0,0.0,0.0,0.0,0.0,0.0,0.0,0.0,0.0,0.0,0.0,0.0,0.0,0.0,0.0,0.0,0.0,0.0,0.0,0.0,4.2438790426076185,0.0,0.0,0.0
MK,2040,elec,0.26224810149856903,0.0,0.0,0.0,1.807829396333446,0.0,0.0,0.0,0.0,0.0,0.0,0.0,0.0,0.0,1.9901512936819092,0.0,0.0,0.0,0.0,0.0,0.0,0.0,0.0,0.0,0.0,0.0,0.0,0.0,0.0,8.519337645598196,0.0,0.0,0.0
NL,2040,elec,0.0,0.0,0.0,5.0598906200003135,0.0,0.0,0.0,42.884706882350805,0.0,0.0,0.0,0.0,0.0,5.871772324608763,0.0,0.0,0.0,0.0,0.0,0.0,0.0,0.0,0.0,0.0,0.0,1.763387857831615,0.0,0.0,0.0,0.0,0.0,0.0,0.0
NO,2040,elec,0.0,0.0,0.0,0.0,0.0,0.0,0.0,0.0,38.16350394052481,0.0,0.0,0.0,0.0,0.0,0.0,0.0,0.0,0.0,0.0,0.0,0.0,0.0,0.0,0.0,3.1405596124256174,0.0,0.0,0.0,0.0,0.0,10.600656217609014,0.0,0.0
PL,2040,elec,0.0,0.0,0.0,0.0,0.0,0.0,10.582347387799713,7.79095059582051,0.0,0.0,0.0,0.0,0.0,0.0,0.0,0.0,0.0,0.0,0.0,3.872668082370421,0.0,0.0,0.0,0.0,0.0,0.0,0.0,0.0,0.0,0.0,1.0968579006022505,0.0,6.878365013986972
PT,2040,elec,0.0,0.0,0.0,0.0,0.0,0.0,0.0,0.0,0.0,0.0,4.317133464103411,0.0,0.0,0.0,0.0,0.0,0.0,0.0,0.0,0.0,0.0,0.0,0.0,0.0,0.0,0.0,0.0,0.0,0.0,0.0,0.0,0.0,0.0
RO,2040,elec,0.0,0.0,0.0,0.0,0.754322809637444,0.0,0.0,0.0,0.0,0.0,0.0,0.0,0.0,0.0,0.0,0.0,6.373127182046174,0.0,0.0,0.0,0.0,0.0,0.0,0.0,0.0,0.0,0.0,0.0,0.0,2.5265558678415205,0.0,0.0,0.0
RS,2040,elec,0.18905305388527782,0.0,2.0715090410474937,0.0,0.6741037382989417,0.0,0.0,0.0,0.0,0.0,0.0,0.0,0.0,0.0,0.0,2.3369109781904553,3.564348403502653,0.0,0.0,0.0,0.0,0.0,0.2654406388307243,1.5214651723874542,0.0,0.0,0.0,0.0,4.2418407693992295,0.0,0.0,0.0,0.0
SE,2040,elec,0.0,0.0,0.0,0.0,0.0,0.0,0.0,2.123325063542831,0.3231725455000175,0.0,0.0,2.3161599347447837,0.0,0.0,0.0,0.0,0.0,0.0,0.0,3.8361755010039156,0.0,0.0,0.0,0.0,0.0,15.054269038589702,3.476715762368742,0.0,0.0,0.0,0.0,0.0,0.0
SI,2040,elec,0.0,10.651427136990538,0.0,0.0,0.0,0.0,0.0,0.0,0.0,0.0,0.0,0.0,0.0,0.0,0.0,15.00830936627002,0.0,0.0,4.979548920304515,0.0,0.0,0.0,0.0,0.0,0.0,0.0,0.0,0.0,0.0,0.0,0.0,0.0,0.0
SK,2040,elec,0.0,0.0,0.0,0.0,0.0,0.0,8.596582385862973,0.0,0.0,0.0,0.0,0.0,0.0,0.0,0.0,0.0,8.741106948584473,0.0,0.0,0.0,0.0,0.0,0.0,0.0,0.0,0.0,7.712725004839616,0.0,0.0,0.0,0.0,0.0,0.0
AL,2050,elec,0.0,0.0,0.0,0.0,0.0,0.0,0.0,0.0,0.0,0.0,0.0,0.0,0.0,0.0,4.344044474427748,0.0,0.0,0.0,0.0,0.0,0.0,0.0,8.452287459958079,2.8552688042910184,0.0,0.0,0.0,0.0,0.0,4.924341278888959,0.0,0.0,0.0
AT,2050,elec,0.0,0.0,0.0,0.0,0.0,5.165037630633168,17.947826809654327,28.25937028315238,0.0,0.0,0.0,0.0,0.0,0.0,0.0,0.0,11.287484562844455,0.0,2.699426339505368,0.0,0.0,0.0,0.0,0.0,0.0,0.0,0.0,0.0,0.0,0.0,0.0,18.40149398445496,0.0
BA,2050,elec,0.0,0.0,0.0,0.0,0.0,0.0,0.0,0.0,0.0,0.0,0.0,0.0,0.0,0.0,0.0,22.290056091296083,0.0,0.0,0.0,0.0,0.0,0.0,4.677334171123819,0.0,0.0,0.0,0.0,0.0,0.0,4.405331656959122,0.0,0.0,0.0
BE,2050,elec,0.0,0.0,0.0,0.0,0.0,0.0,0.0,78.72787393892236,0.0,0.0,0.0,0.0,14.46048015858547,24.12748341200816,0.0,0.0,0.0,0.0,0.0,0.0,13.004429053088877,0.0,0.0,0.0,41.29708082563979,0.0,0.0,0.0,0.0,0.0,0.0,0.0,0.0
BG,2050,elec,0.0,0.0,0.0,0.0,0.0,0.0,0.0,0.0,0.0,0.0,0.0,0.0,0.0,0.0,4.480385887825968,0.0,0.0,0.0,0.0,0.0,0.0,0.0,0.0,3.7832751292960447,0.0,0.0,0.0,0.0,13.546737295917781,5.2374315173105845,0.0,0.0,0.0
CH,2050,elec,0.0,22.194883365905838,0.0,0.0,0.0,0.0,0.0,60.45227016230779,0.0,0.0,0.0,0.0,19.841214629188833,0.0,0.0,0.0,0.0,0.0,26.286704956526826,0.0,0.0,0.0,0.0,0.0,0.0,0.0,0.0,0.0,0.0,0.0,0.0,0.0,0.0
CZ,2050,elec,0.0,3.6439034695779022,0.0,0.0,0.0,0.0,0.0,7.865111347007575,0.0,0.0,0.0,0.0,0.0,0.0,0.0,0.0,0.0,0.0,0.0,0.0,0.0,0.0,0.0,0.0,0.0,0.0,15.577326684103248,0.0,0.0,0.0,0.0,0.0,8.254422894979596
DE,2050,elec,0.0,49.89456194810576,0.0,28.801895918599424,0.0,34.80874740015639,32.83663208744811,0.0,6.170891832398821,0.0,0.0,0.0,10.437203285839118,0.0,0.0,0.0,0.0,0.0,0.0,0.0,3.946071257512514,0.0,0.0,0.0,23.20740348416156,0.0,31.404132953859683,0.0,0.0,0.0,1.1807708574597942,0.0,0.0
DK,2050,elec,0.0,0.0,0.0,0.0,0.0,0.0,0.0,10.77961058401425,0.0,0.0,0.0,0.0,0.0,0.0,0.0,0.0,0.0,0.0,0.0,0.0,0.0,0.0,0.0,0.0,2.936145864972871,47.696685953582175,0.0,0.0,0.0,0.0,0.546268907737649,0.0,0.0
EE,2050,elec,0.0,0.0,0.0,0.0,0.0,0.0,0.0,0.0,0.0,0.0,0.0,1.744268532201792,0.0,0.0,0.0,0.0,0.0,0.0,0.0,0.0,0.0,22.515618076790094,0.0,0.0,0.0,0.0,0.0,0.0,0.0,0.0,0.0,0.0,0.0
ES,2050,elec,0.0,0.0,0.0,0.0,0.0,0.0,0.0,0.0,0.0,0.0,0.0,0.0,131.26583250056933,0.0,0.0,0.0,0.0,0.0,0.0,0.0,0.0,0.0,0.0,0.0,0.0,0.0,0.0,28.67849173302097,0.0,0.0,0.0,0.0,0.0
FI,2050,elec,0.0,0.0,0.0,0.0,0.0,0.0,0.0,0.0,0.0,0.8968688660246076,0.0,0.0,0.0,0.0,0.0,0.0,0.0,0.0,0.0,0.0,0.0,0.0,0.0,0.0,0.0,0.0,0.0,0.0,0.0,0.0,0.21689617397133368,0.0,0.0
FR,2050,elec,0.0,0.0,0.0,44.356864528144385,0.0,97.3246437674668,0.0,59.33991001109834,0.0,0.0,60.21707432777796,0.0,0.0,122.12697733476591,0.0,0.0,0.0,0.0,46.25457383869643,0.0,0.0,0.0,0.0,0.0,0.0,0.0,0.0,0.0,0.0,0.0,0.0,0.0,0.0
GB,2050,elec,0.0,0.0,0.0,154.00024194171007,0.0,0.0,0.0,0.0,0.0,0.0,0.0,0.0,163.89626548845482,0.0,0.0,0.0,0.0,7.157578407209953,0.0,0.0,0.0,0.0,0.0,0.0,110.725721324841,9.69884806235405,0.0,0.0,0.0,0.0,0.0,0.0,0.0
GR,2050,elec,2.7229512388842685,0.0,0.0,0.0,1.8208126770729691,0.0,0.0,0.0,0.0,0.0,0.0,0.0,0.0,0.0,0.0,0.0,0.0,0.0,6.284330815789267,0.0,0.0,0.0,0.0,3.8179850438047667,0.0,0.0,0.0,0.0,0.0,0.0,0.0,0.0,0.0
HR,2050,elec,0.0,0.0,9.094208642545077,0.0,0.0,0.0,0.0,0.0,0.0,0.0,0.0,0.0,0.0,0.0,0.0,0.0,10.605445245173652,0.0,0.0,0.0,0.0,0.0,0.0,0.0,0.0,0.0,0.0,0.0,0.0,3.4380125033704063,0.0,23.131376899677292,0.0
HU,2050,elec,0.0,11.061743129187583,0.0,0.0,0.0,0.0,0.0,0.0,0.0,0.0,0.0,0.0,0.0,0.0,0.0,3.576990491103696,0.0,0.0,0.0,0.0,0.0,0.0,0.0,0.0,0.0,0.0,0.0,0.0,7.848667696482541,3.966429733673565,0.0,0.0,25.935085784571655
IE,2050,elec,0.0,0.0,0.0,0.0,0.0,0.0,0.0,0.0,0.0,0.0,0.0,0.0,0.0,34.751251528168126,0.0,0.0,0.0,0.0,0.0,0.0,0.0,0.0,0.0,0.0,0.0,0.0,0.0,0.0,0.0,0.0,0.0,0.0,0.0
IT,2050,elec,0.0,1.659610216917462,0.0,0.0,0.0,17.310772467182666,0.0,0.0,0.0,0.0,0.0,0.0,12.161333814291083,0.0,4.545471883337717,0.0,0.0,0.0,0.0,0.0,0.0,0.0,0.12935561182584013,0.0,0.0,0.0,0.0,0.0,0.0,0.0,0.0,6.8571508374715044,0.0
LT,2050,elec,0.0,0.0,0.0,0.0,0.0,0.0,0.0,0.0,0.0,0.0,0.0,0.0,0.0,0.0,0.0,0.0,0.0,0.0,0.0,0.0,0.0,7.683062961600369,0.0,0.0,0.0,0.0,16.537174410251428,0.0,0.0,0.0,1.4607409115444017,0.0,0.0
LU,2050,elec,0.0,0.0,0.0,1.9206413589818285,0.0,0.0,0.0,5.6391546346993255,0.0,0.0,0.0,0.0,0.0,0.0,0.0,0.0,0.0,0.0,0.0,0.0,0.0,0.0,0.0,0.0,0.0,0.0,0.0,0.0,0.0,0.0,0.0,0.0,0.0
LV,2050,elec,0.0,0.0,0.0,0.0,0.0,0.0,0.0,0.0,0.0,7.257339444720346,0.0,0.0,0.0,0.0,0.0,0.0,0.0,0.0,0.0,20.754596952243393,0.0,0.0,0.0,0.0,0.0,0.0,0.0,0.0,0.0,0.0,0.0,0.0,0.0
ME,2050,elec,2.7927849702377836,0.0,12.38481240090877,0.0,0.0,0.0,0.0,0.0,0.0,0.0,0.0,0.0,0.0,0.0,0.0,0.0,0.0,0.0,0.13390159099573515,0.0,0.0,0.0,0.0,0.0,0.0,0.0,0.0,0.0,0.0,3.710543830574183,0.0,0.0,0.0
MK,2050,elec,1.7937122388956763,0.0,0.0,0.0,1.8046319304449607,0.0,0.0,0.0,0.0,0.0,0.0,0.0,0.0,0.0,8.002803959411441,0.0,0.0,0.0,0.0,0.0,0.0,0.0,0.0,0.0,0.0,0.0,0.0,0.0,0.0,10.187670117105139,0.0,0.0,0.0
NL,2050,elec,0.0,0.0,0.0,7.21263972507967,0.0,0.0,0.0,69.13086419138047,2.5443951997949643,0.0,0.0,0.0,0.0,18.441660752011536,0.0,0.0,0.0,0.0,0.0,0.0,0.0,0.0,0.0,0.0,0.0,2.3025255288653126,0.0,0.0,0.0,0.0,0.0,0.0,0.0
NO,2050,elec,0.0,0.0,0.0,0.0,0.0,0.0,0.0,0.0,35.78790962479952,0.0,0.0,0.0,0.0,5.330414813179079,0.0,0.0,0.0,0.0,0.0,0.0,0.0,0.0,0.0,0.0,2.458309190148734,0.0,0.0,0.0,0.0,0.0,12.546279789862453,0.0,0.0
PL,2050,elec,0.0,0.0,0.0,0.0,0.0,0.0,16.73227249676205,14.51439609598939,0.0,0.0,0.0,0.0,0.0,0.0,0.0,0.0,0.0,0.0,0.0,10.50043960305891,0.0,0.0,0.0,0.0,0.0,0.0,0.0,0.0,0.0,0.0,1.5186466986536438,0.0,10.658955555054504
PT,2050,elec,0.0,0.0,0.0,0.0,0.0,0.0,0.0,0.0,0.0,0.0,13.926572109406674,0.0,0.0,0.0,0.0,0.0,0.0,0.0,0.0,0.0,0.0,0.0,0.0,0.0,0.0,0.0,0.0,0.0,0.0,0.0,0.0,0.0,0.0
RO,2050,elec,0.0,0.0,0.0,0.0,3.1002169188768267,0.0,0.0,0.0,0.0,0.0,0.0,0.0,0.0,0.0,0.0,0.0,19.85863687317136,0.0,0.0,0.0,0.0,0.0,0.0,0.0,0.0,0.0,0.0,0.0,0.0,10.326085565946801,0.0,0.0,0.0
RS,2050,elec,0.884524585965903,0.0,7.28896048136875,0.0,1.216559569344975,0.0,0.0,0.0,0.0,0.0,0.0,0.0,0.0,0.0,0.0,7.004347831530252,9.200408343557973,0.0,0.0,0.0,0.0,0.0,1.985314876471786,3.7862974669207894,0.0,0.0,0.0,0.0,4.600023722874369,0.0,0.0,0.0,0.0
SE,2050,elec,0.0,0.0,0.0,0.0,0.0,0.0,0.0,1.5939592788538364,0.286665382600781,0.0,0.0,1.5194583204339251,0.0,0.0,0.0,0.0,0.0,0.0,0.0,3.0082569622159063,0.0,0.0,0.0,0.0,0.0,10.986954939651504,2.6785078083359366,0.0,0.0,0.0,0.0,0.0,0.0
SI,2050,elec,0.0,19.910343159009354,0.0,0.0,0.0,0.0,0.0,0.0,0.0,0.0,0.0,0.0,0.0,0.0,0.0,13.104901549091835,0.0,0.0,13.174827958126082,0.0,0.0,0.0,0.0,0.0,0.0,0.0,0.0,0.0,0.0,0.0,0.0,0.0,0.0
SK,2050,elec,0.0,0.0,0.0,0.0,0.0,0.0,16.843339964721977,0.0,0.0,0.0,0.0,0.0,0.0,0.0,0.0,0.0,12.437120169489612,0.0,0.0,0.0,0.0,0.0,0.0,0.0,0.0,0.0,12.799694493509087,0.0,0.0,0.0,0.0,0.0,0.0
AL,2030,h2,0.0,0.0,0.0,0.0,0.0,0.0,0.0,0.0,0.0,0.0,0.0,0.0,0.0,0.0,0.6580352961550805,0.0,0.0,0.0,2.594032041331057,0.0,0.0,0.0,0.0,0.1504549880955702,0.0,0.0,0.0,0.0,0.0,0.0,0.0,0.0,0.0
AT,2030,h2,0.0,0.0,0.0,0.0,0.0,0.0,0.0,0.3791007574220493,0.0,0.0,0.0,0.0,0.0,0.0,0.0,0.0,0.0,0.0,0.10639912745866534,0.0,0.0,0.0,0.0,0.0,0.0,0.0,0.0,0.0,0.0,0.0,0.0,0.0,0.0
BA,2030,h2,0.0,0.0,0.0,0.0,0.0,0.0,0.0,0.0,0.0,0.0,0.0,0.0,0.0,0.0,0.0,0.13114700244195945,0.0,0.0,0.0,0.0,0.0,0.0,0.0,0.0,0.0,0.0,0.0,0.0,0.0,0.1012291433319075,0.0,0.0,0.0
BE,2030,h2,0.0,0.0,0.0,0.0,0.0,0.0,0.0,0.16794683715889275,0.0,0.0,0.0,0.0,0.30267881188489026,0.2001079066738945,0.0,0.0,0.0,0.0,0.0,0.0,0.0,0.0,0.0,0.0,0.1644510835481856,0.0,0.0,0.0,0.0,0.0,0.0,0.0,0.0
BG,2030,h2,0.0,0.0,0.0,0.0,0.0,0.0,0.0,0.0,0.0,0.0,0.0,0.0,0.0,0.0,0.0,0.0,0.0,0.0,0.0,0.0,0.0,0.0,0.0,0.0,0.0,0.0,0.0,0.0,0.0,0.0,0.0,0.0,0.0
CH,2030,h2,0.0,0.0,0.0,0.0,0.0,0.0,0.0,0.13024528541477426,0.0,0.0,0.0,0.0,0.1771116253841941,0.0,0.0,0.0,0.0,0.0,0.0,0.0,0.0,0.0,0.0,0.0,0.0,0.0,0.0,0.0,0.0,0.0,0.0,0.0,0.0
CZ,2030,h2,0.0,0.0,0.0,0.0,0.0,0.0,0.0,0.12627396900643822,0.0,0.0,0.0,0.0,0.0,0.0,0.0,0.0,0.0,0.0,0.0,0.0,0.0,0.0,0.0,0.0,0.0,0.0,0.17012817989834558,0.0,0.0,0.0,0.0,0.0,0.0
DE,2030,h2,0.0,0.114807557147034,0.0,0.2759729141108379,0.0,0.12192015839622689,0.0,0.0,0.22442618523230218,0.0,0.0,0.0,0.0,0.0,0.0,0.0,0.0,0.0,0.0,0.0,0.0,0.0,0.0,0.0,0.0,0.0,0.0,0.0,0.0,0.0,0.0,0.0,0.0
DK,2030,h2,0.0,0.0,0.0,0.0,0.0,0.0,0.0,0.30401973910717695,0.0,0.0,0.0,0.0,0.0,0.0,0.0,0.0,0.0,0.0,0.0,0.0,0.0,0.0,0.0,0.0,0.0,0.0,0.0,0.0,0.0,0.0,0.0,0.0,0.0
EE,2030,h2,0.0,0.0,0.0,0.0,0.0,0.0,0.0,0.0,0.0,0.0,0.0,0.0,0.0,0.0,0.0,0.0,0.0,0.0,0.0,0.0,0.0,0.0,0.0,0.0,0.0,0.0,0.0,0.0,0.0,0.0,0.0,0.0,0.0
ES,2030,h2,0.0,0.0,0.0,0.0,0.0,0.0,0.0,0.0,0.0,0.0,0.0,0.0,0.16866806110977517,0.0,0.0,0.0,0.0,0.0,0.0,0.0,0.0,0.0,0.0,0.0,0.0,0.0,0.0,0.0,0.0,0.0,0.0,0.0,0.0
FI,2030,h2,0.0,0.0,0.0,0.0,0.0,0.0,0.0,0.0,0.0,0.0,0.0,0.0,0.0,0.0,0.0,0.0,0.0,0.0,0.0,0.0,0.0,0.0,0.0,0.0,0.0,0.0,0.0,0.0,0.0,0.0,0.42471020202216486,0.0,0.0
FR,2030,h2,0.0,0.0,0.0,0.14445411404755193,0.0,0.0,0.0,0.0,0.0,0.0,0.3935008307248662,0.0,0.0,0.0,0.0,0.0,0.0,0.0,0.0,0.0,0.0,0.0,0.0,0.0,0.0,0.0,0.0,0.0,0.0,0.0,0.0,0.0,0.0
GB,2030,h2,0.0,0.0,0.0,0.2606726009986995,0.0,0.0,0.0,0.0,0.0,0.0,0.0,0.0,0.0,0.0,0.0,0.0,0.0,0.2171419761107714,0.0,0.0,0.0,0.0,0.0,0.0,0.0,0.0,0.0,0.0,0.0,0.0,0.0,0.0,0.0
GR,2030,h2,0.20009323908228052,0.0,0.0,0.0,0.0,0.0,0.0,0.0,0.0,0.0,0.0,0.0,0.0,0.0,0.0,0.0,0.0,0.0,0.0,0.0,0.0,0.0,0.0,0.11141946988310843,0.0,0.0,0.0,0.0,0.0,0.0,0.0,0.0,0.0
HR,2030,h2,0.0,0.0,0.3587571307692133,0.0,0.0,0.0,0.0,0.0,0.0,0.0,0.0,0.0,0.0,0.0,0.0,0.0,0.0,0.0,0.0,0.0,0.0,0.0,0.0,0.0,0.0,0.0,0.0,0.0,0.0,0.0,0.0,0.0,0.0
HU,2030,h2,0.0,0.0,0.0,0.0,0.0,0.0,0.0,0.0,0.0,0.0,0.0,0.0,0.0,0.0,0.0,0.0,0.0,0.0,0.0,0.0,0.0,0.0,0.0,0.0,0.0,0.0,0.0,0.0,0.39697880330636265,0.11089868708179199,0.0,0.0,0.0
IE,2030,h2,0.0,0.0,0.0,0.0,0.0,0.0,0.0,0.0,0.0,0.0,0.0,0.0,0.0,0.28176816685428524,0.0,0.0,0.0,0.0,0.0,0.0,0.0,0.0,0.0,0.0,0.0,0.0,0.0,0.0,0.0,0.0,0.0,0.0,0.0
IT,2030,h2,3.4468267499486505,0.0,0.0,0.0,0.0,0.12723083850388128,0.0,0.0,0.0,0.0,0.0,0.0,0.0,0.0,0.0,0.0,0.0,0.0,0.0,0.0,0.0,0.0,0.0,0.0,0.0,0.0,0.0,0.0,0.0,0.0,0.0,0.0,0.0
LT,2030,h2,0.0,0.0,0.0,0.0,0.0,0.0,0.0,0.0,0.0,0.0,0.0,0.0,0.0,0.0,0.0,0.0,0.0,0.0,0.0,0.0,0.0,0.0,0.0,0.0,0.0,0.0,0.33162268536935213,0.0,0.0,0.0,0.0,0.0,0.0
LU,2030,h2,0.0,0.0,0.0,0.0,0.0,0.0,0.0,0.0,0.0,0.0,0.0,0.0,0.0,0.0,0.0,0.0,0.0,0.0,0.0,0.0,0.0,0.0,0.0,0.0,0.0,0.0,0.0,0.0,0.0,0.0,0.0,0.0,0.0
LV,2030,h2,0.0,0.0,0.0,0.0,0.0,0.0,0.0,0.0,0.0,0.0,0.0,0.0,0.0,0.0,0.0,0.0,0.0,0.0,0.0,0.0,0.0,0.0,0.0,0.0,0.0,0.0,0.0,0.0,0.0,0.0,0.0,0.0,0.0
ME,2030,h2,0.0,0.0,0.0,0.0,0.0,0.0,0.0,0.0,0.0,0.0,0.0,0.0,0.0,0.0,0.0,0.0,0.0,0.0,0.0,0.0,0.0,0.0,0.0,0.0,0.0,0.0,0.0,0.0,0.0,0.0,0.0,0.0,0.0
MK,2030,h2,0.0,0.0,0.0,0.0,0.0,0.0,0.0,0.0,0.0,0.0,0.0,0.0,0.0,0.0,0.1963817361073421,0.0,0.0,0.0,0.0,0.0,0.0,0.0,0.0,0.0,0.0,0.0,0.0,0.0,0.0,0.0,0.0,0.0,0.0
NL,2030,h2,0.0,0.0,0.0,0.18084780179131324,0.0,0.0,0.0,0.0,0.0,0.0,0.0,0.0,0.0,0.0,0.0,0.0,0.0,0.0,0.0,0.0,0.0,0.0,0.0,0.0,0.0,0.0,0.0,0.0,0.0,0.0,0.0,0.0,0.0
NO,2030,h2,0.0,0.0,0.0,0.0,0.0,0.0,0.0,0.0,0.0,0.0,0.0,0.0,0.0,0.0,0.0,0.0,0.0,0.0,0.0,0.0,0.0,0.0,0.0,0.0,0.0,0.0,0.0,0.0,0.0,0.0,0.693196261974797,0.0,0.0
PL,2030,h2,0.0,0.0,0.0,0.0,0.0,0.0,0.21637132623367106,0.0,0.0,0.0,0.0,0.0,0.0,0.0,0.0,0.0,0.0,0.0,0.0,0.13019520736354462,0.0,0.0,0.0,0.0,0.0,0.0,0.0,0.0,0.0,0.0,0.0,0.0,0.1338838629926355
PT,2030,h2,0.0,0.0,0.0,0.0,0.0,0.0,0.0,0.0,0.0,0.0,0.0,0.0,0.0,0.0,0.0,0.0,0.0,0.0,0.0,0.0,0.0,0.0,0.0,0.0,0.0,0.0,0.0,0.0,0.0,0.0,0.0,0.0,0.0
RO,2030,h2,0.0,0.0,0.0,0.0,0.0,0.0,0.0,0.0,0.0,0.0,0.0,0.0,0.0,0.0,0.0,0.0,0.2357887105822719,0.0,0.0,0.0,0.0,0.0,0.0,0.0,0.0,0.0,0.0,0.0,0.0,0.0,0.0,0.0,0.0
RS,2030,h2,0.0,0.0,0.0,0.0,0.0,0.0,0.0,0.0,0.0,0.0,0.0,0.0,0.0,0.0,0.0,0.0,0.0,0.0,0.0,0.0,0.0,0.0,0.0,0.19404588195980033,0.0,0.0,0.0,0.0,0.0,0.0,0.0,0.0,0.0
SE,2030,h2,0.0,0.0,0.0,0.0,0.0,0.0,0.0,0.0,0.6703433630362838,0.0,0.0,0.19561992453745103,0.0,0.0,0.0,0.0,0.0,0.0,0.0,0.0,0.0,0.0,0.0,0.0,0.0,0.5472715020499479,0.0,0.0,0.0,0.0,0.0,0.0,0.0
SI,2030,h2,0.0,0.12238918493028922,0.0,0.0,0.0,0.0,0.0,0.0,0.0,0.0,0.0,0.0,0.0,0.0,0.0,0.0,0.0,0.0,0.0,0.0,0.0,0.0,0.0,0.0,0.0,0.0,0.0,0.0,0.0,0.0,0.0,0.0,0.0
SK,2030,h2,0.0,0.0,0.0,0.0,0.0,0.0,0.0,0.0,0.0,0.0,0.0,0.0,0.0,0.0,0.0,0.0,0.2813684635361938,0.0,0.0,0.0,0.0,0.0,0.0,0.0,0.0,0.0,0.17418640923309203,0.0,0.0,0.0,0.0,0.0,0.0
AL,2040,h2,0.0,0.0,0.0,0.0,0.0,0.0,0.0,0.0,0.0,0.0,0.0,0.0,0.0,0.0,0.7376991817165491,0.0,0.0,0.0,3.0204262771297863,0.0,0.0,0.0,0.0,0.11926171269079079,0.0,0.0,0.0,0.0,0.0,0.0,0.0,0.0,0.0
AT,2040,h2,0.0,0.0,0.0,0.0,0.0,0.49274158838922744,0.0,0.5157149239224338,0.0,0.0,0.0,0.0,0.0,0.0,0.0,0.0,0.0,0.0,0.0,0.0,0.0,0.0,0.0,0.0,0.0,0.0,0.0,0.0,0.0,0.0,0.0,0.0,0.0
BA,2040,h2,0.0,0.0,0.0,0.0,0.0,0.0,0.0,0.0,0.0,0.0,0.0,0.0,0.0,0.0,0.0,0.1890691164530968,0.0,0.0,0.0,0.0,0.0,0.0,0.0,0.0,0.0,0.0,0.0,0.0,0.0,0.0,0.0,0.0,0.0
BE,2040,h2,0.0,0.0,0.0,0.0,0.0,0.0,0.0,0.1892541682624491,0.0,0.0,0.0,0.0,0.23150650415829835,0.1292341840818076,0.0,0.0,0.0,0.0,0.0,0.0,0.0,0.0,0.0,0.0,0.2263208791486089,0.0,0.0,0.0,0.0,0.0,0.0,0.0,0.0
BG,2040,h2,0.0,0.0,0.0,0.0,0.0,0.0,0.0,0.0,0.0,0.0,0.0,0.0,0.0,0.0,0.0,0.0,0.0,0.0,0.0,0.0,0.0,0.0,0.0,0.0,0.0,0.0,0.0,0.0,0.10351732696961044,0.0,0.0,0.0,0.0
CH,2040,h2,0.0,0.3075845693251614,0.0,0.0,0.0,0.0,0.0,0.10649290981268447,0.0,0.0,0.0,0.0,0.17376979481106603,0.0,0.0,0.0,0.0,0.0,0.1140206870911256,0.0,0.0,0.0,0.0,0.0,0.0,0.0,0.0,0.0,0.0,0.0,0.0,0.0,0.0
CZ,2040,h2,0.0,0.0,0.0,0.0,0.0,0.0,0.0,0.15031589516940502,0.0,0.0,0.0,0.0,0.0,0.0,0.0,0.0,0.0,0.0,0.0,0.0,0.0,0.0,0.0,0.0,0.0,0.0,0.23354372387786201,0.0,0.0,0.0,0.0,0.0,0.0
DE,2040,h2,0.0,0.27112182855316486,0.0,0.2417074963717937,0.0,0.13485719150852055,0.0,0.0,0.12232466116072419,0.0,0.0,0.0,0.0,0.0,0.0,0.0,0.0,0.0,0.0,0.0,0.0,0.0,0.0,0.0,0.3162442398876109,0.0,0.0,0.0,0.0,0.0,0.0,0.0,0.0
DK,2040,h2,0.0,0.0,0.0,0.0,0.0,0.0,0.0,0.5928021809584632,0.0,0.0,0.0,0.0,0.0,0.0,0.0,0.0,0.0,0.0,0.0,0.0,0.0,0.0,0.0,0.0,0.0,0.0,0.0,0.0,0.0,0.0,0.0,0.0,0.0
EE,2040,h2,0.0,0.0,0.0,0.0,0.0,0.0,0.0,0.0,0.0,0.0,0.0,0.0,0.0,0.0,0.0,0.0,0.0,0.0,0.0,0.0,0.0,0.0,0.0,0.0,0.0,0.0,0.0,0.0,0.0,0.0,0.0,0.0,0.0
ES,2040,h2,0.0,0.0,0.0,0.0,0.0,0.0,0.0,0.0,0.0,0.0,0.0,0.0,0.7709861921388316,0.0,0.0,0.0,0.0,0.0,0.0,0.0,0.0,0.0,0.0,0.0,0.0,0.0,0.0,4.628076304012941,0.0,0.0,0.0,0.0,0.0
FI,2040,h2,0.0,0.0,0.0,0.0,0.0,0.0,0.0,0.0,0.0,0.0,0.0,0.0,0.0,0.0,0.0,0.0,0.0,0.0,0.0,0.0,0.0,0.0,0.0,0.0,0.0,0.0,0.0,0.0,0.0,0.0,0.4629777365583274,0.0,0.0
FR,2040,h2,0.0,0.0,0.0,0.26125169358542344,0.0,0.10303341728051471,0.0,0.0,0.0,0.0,0.0,0.0,0.0,0.0,0.0,0.0,0.0,0.0,0.0,0.0,0.0,0.0,0.0,0.0,0.0,0.0,0.0,0.0,0.0,0.0,0.0,0.0,0.0
GB,2040,h2,0.0,0.0,0.0,0.2980031544790478,0.0,0.0,0.0,0.0,0.0,0.0,0.0,0.0,0.0,0.0,0.0,0.0,0.0,0.1739236539749526,0.0,0.0,0.0,0.0,0.0,0.0,1.5720016803331123,0.12616064156861945,0.0,0.0,0.0,0.0,0.0,0.0,0.0
GR,2040,h2,0.0,0.0,0.0,0.0,0.0,0.0,0.0,0.0,0.0,0.0,0.0,0.0,0.0,0.0,0.0,0.0,0.0,0.0,0.0,0.0,0.0,0.0,0.0,0.15204837471437593,0.0,0.0,0.0,0.0,0.0,0.0,0.0,0.0,0.0
HR,2040,h2,0.0,0.0,0.320342402245821,0.0,0.0,0.0,0.0,0.0,0.0,0.0,0.0,0.0,0.0,0.0,0.0,0.0,0.0,0.0,0.0,0.0,0.0,0.0,0.0,0.0,0.0,0.0,0.0,0.0,0.0,0.0,0.0,0.0,0.0
HU,2040,h2,0.0,0.0,0.0,0.0,0.0,0.0,0.0,0.0,0.0,0.0,0.0,0.0,0.0,0.0,0.0,0.0,0.0,0.0,0.0,0.0,0.0,0.0,0.0,0.0,0.0,0.0,0.0,0.0,0.38725634098647266,0.13874747094441553,0.0,0.0,0.11094409452213164
IE,2040,h2,0.0,0.0,0.0,0.0,0.0,0.0,0.0,0.0,0.0,0.0,0.0,0.0,0.0,0.43792305064966786,0.0,0.0,0.0,0.0,0.0,0.0,0.0,0.0,0.0,0.0,0.0,0.0,0.0,0.0,0.0,0.0,0.0,0.0,0.0
IT,2040,h2,3.5714128931251397,0.14409710277249485,0.0,0.0,0.0,0.14934628422057572,0.0,0.0,0.0,0.0,0.0,0.0,0.0,0.0,0.0,0.0,0.0,0.0,0.0,0.0,0.0,0.0,0.0,0.0,0.0,0.0,0.0,0.0,0.0,0.0,0.0,0.0,0.0
LT,2040,h2,0.0,0.0,0.0,0.0,0.0,0.0,0.0,0.0,0.0,0.0,0.0,0.0,0.0,0.0,0.0,0.0,0.0,0.0,0.0,0.0,0.0,0.0,0.0,0.0,0.0,0.0,0.3412871913964258,0.0,0.0,0.0,0.0,0.0,0.0
LU,2040,h2,0.0,0.0,0.0,0.0,0.0,0.0,0.0,0.0,0.0,0.0,0.0,0.0,0.0,0.0,0.0,0.0,0.0,0.0,0.0,0.0,0.0,0.0,0.0,0.0,0.0,0.0,0.0,0.0,0.0,0.0,0.0,0.0,0.0
LV,2040,h2,0.0,0.0,0.0,0.0,0.0,0.0,0.0,0.0,0.0,0.0,0.0,0.0,0.0,0.0,0.0,0.0,0.0,0.0,0.0,0.0,0.0,0.0,0.0,0.0,0.0,0.0,0.0,0.0,0.0,0.0,0.0,0.0,0.0
ME,2040,h2,0.0,0.0,0.0,0.0,0.0,0.0,0.0,0.0,0.0,0.0,0.0,0.0,0.0,0.0,0.0,0.0,0.0,0.0,0.0,0.0,0.0,0.0,0.0,0.0,0.0,0.0,0.0,0.0,0.0,0.0,0.0,0.0,0.0
MK,2040,h2,0.0,0.0,0.0,0.0,0.0,0.0,0.0,0.0,0.0,0.0,0.0,0.0,0.0,0.0,0.11287867018120581,0.0,0.0,0.0,0.0,0.0,0.0,0.0,0.0,0.0,0.0,0.0,0.0,0.0,0.0,0.1738059846322813,0.0,0.0,0.0
NL,2040,h2,0.0,0.0,0.0,0.19688214555981004,0.0,0.0,0.0,0.3978356176804235,0.0,0.0,0.0,0.0,0.0,0.4451586851075581,0.0,0.0,0.0,0.0,0.0,0.0,0.0,0.0,0.0,0.0,0.0,0.0,0.0,0.0,0.0,0.0,0.0,0.0,0.0
NO,2040,h2,0.0,0.0,0.0,0.0,0.0,0.0,0.0,0.0,0.0,0.0,0.0,0.0,0.0,0.11598498487902537,0.0,0.0,0.0,0.0,0.0,0.0,0.0,0.0,0.0,0.0,0.0,0.0,0.0,0.0,0.0,0.0,0.510458320509056,0.0,0.0
PL,2040,h2,0.0,0.0,0.0,0.0,0.0,0.0,0.222939405208565,0.0,0.0,0.0,0.0,0.0,0.0,0.0,0.0,0.0,0.0,0.0,0.0,0.20643306241856219,0.0,0.0,0.0,0.0,0.0,0.0,0.0,0.0,0.0,0.0,0.0,0.0,0.1584546752685529
PT,2040,h2,0.0,0.0,0.0,0.0,0.0,0.0,0.0,0.0,0.0,0.0,4.392608085917355,0.0,0.0,0.0,0.0,0.0,0.0,0.0,0.0,0.0,0.0,0.0,0.0,0.0,0.0,0.0,0.0,0.0,0.0,0.0,0.0,0.0,0.0
RO,2040,h2,0.0,0.0,0.0,0.0,0.0,0.0,0.0,0.0,0.0,0.0,0.0,0.0,0.0,0.0,0.0,0.0,0.2924918440666184,0.0,0.0,0.0,0.0,0.0,0.0,0.0,0.0,0.0,0.0,0.0,0.0,0.0,0.0,0.0,0.0
RS,2040,h2,0.0,0.0,0.11069882834530126,0.0,0.0,0.0,0.0,0.0,0.0,0.0,0.0,0.0,0.0,0.0,0.0,0.0,0.0,0.0,0.0,0.0,0.0,0.0,0.0,0.0,0.0,0.0,0.0,0.0,0.0,0.0,0.0,0.0,0.0
SE,2040,h2,0.0,0.0,0.0,0.0,0.0,0.0,0.0,0.0,0.7611065491933092,0.0,0.0,0.13278704894122584,0.0,0.0,0.0,0.0,0.0,0.0,0.0,0.0,0.0,0.0,0.0,0.0,0.0,0.6137514339945953,0.0,0.0,0.0,0.0,0.0,0.0,0.0
SI,2040,h2,0.0,0.10546812713597647,0.0,0.0,0.0,0.0,0.0,0.0,0.0,0.0,0.0,0.0,0.0,0.0,0.0,0.0,0.0,0.0,0.0,0.0,0.0,0.0,0.0,0.0,0.0,0.0,0.0,0.0,0.0,0.0,0.0,0.0,0.0
SK,2040,h2,0.0,0.0,0.0,0.0,0.0,0.0,0.13283498847487976,0.0,0.0,0.0,0.0,0.0,0.0,0.0,0.0,0.0,0.22713266346881505,0.0,0.0,0.0,0.0,0.0,0.0,0.0,0.0,0.0,0.17122481356506158,0.0,0.0,0.0,0.0,0.0,0.0
AL,2050,h2,0.0,0.0,0.0,0.0,0.0,0.0,0.0,0.0,0.0,0.0,0.0,0.0,0.0,0.0,0.0,0.0,0.0,0.0,5.9437297278804895,0.0,0.0,0.0,1.495597094656882,3.456470015711556,0.0,0.0,0.0,0.0,0.0,0.0,0.0,0.0,0.0
AT,2050,h2,0.0,0.0,0.0,0.0,0.0,0.3334873389219396,0.0,0.41339857135110814,0.0,0.0,0.0,0.0,0.0,0.0,0.0,0.0,0.515579716221536,0.0,2.931663546299774,0.0,0.0,0.0,0.0,0.0,0.0,0.0,0.0,0.0,0.0,0.0,0.0,0.1561825883454825,0.0
BA,2050,h2,0.0,0.0,0.0,0.0,0.0,0.0,0.0,0.0,0.0,0.0,0.0,0.0,0.0,0.0,0.0,0.6904973713709214,0.0,0.0,0.0,0.0,0.0,0.0,0.0,0.0,0.0,0.0,0.0,0.0,0.0,0.10284963470370874,0.0,0.0,0.0
BE,2050,h2,0.0,0.0,0.0,0.0,0.0,0.0,0.0,0.3737636170495805,0.0,0.0,0.0,0.0,0.35107908577732055,0.21482968181971923,0.0,0.0,0.0,0.0,0.0,0.0,0.23007089899567656,0.0,0.0,0.0,0.22453114346747452,0.0,0.0,0.0,0.0,0.0,0.0,0.0,0.0
BG,2050,h2,0.0,0.0,0.0,0.0,0.0,0.0,0.0,0.0,0.0,0.0,0.0,0.0,0.0,0.0,0.24489909514603153,0.0,0.0,0.0,0.0,0.0,0.0,0.0,0.0,0.39054534694055015,0.0,0.0,0.0,0.0,0.11528786728631416,0.0,0.0,0.0,0.0
CH,2050,h2,0.0,0.324480521576938,0.0,0.0,0.0,0.0,0.0,0.21741870645196565,0.0,0.0,0.0,0.0,0.20883257525894108,0.0,0.0,0.0,0.0,0.0,0.17094288870645413,0.0,0.0,0.0,0.0,0.0,0.0,0.0,0.0,0.0,0.0,0.0,0.0,0.0,0.0
CZ,2050,h2,0.0,0.0,0.0,0.0,0.0,0.0,0.0,0.0,0.0,0.0,0.0,0.0,0.0,0.0,0.0,0.0,0.0,0.0,0.0,0.0,0.0,0.0,0.0,0.0,0.0,0.0,0.14379855417663667,0.0,0.0,0.0,0.0,0.0,0.1984973909912
DE,2050,h2,0.0,0.42259048776607677,0.0,0.16047461215866818,0.0,0.10268015929339655,0.12343208831622375,0.0,0.15466307636913462,0.0,0.0,0.0,0.0,0.0,0.0,0.0,0.0,0.0,0.0,0.0,0.0,0.0,0.0,0.0,0.28888180399579566,0.0,1.070172929379571,0.0,0.0,0.0,0.0,0.0,0.0
DK,2050,h2,0.0,0.0,0.0,0.0,0.0,0.0,0.0,0.4609713383288936,0.0,0.0,0.0,0.0,0.0,0.0,0.0,0.0,0.0,0.0,0.0,0.0,0.0,0.0,0.0,0.0,0.0,0.0,0.0,0.0,0.0,0.0,0.49662136980482713,0.0,0.0
EE,2050,h2,0.0,0.0,0.0,0.0,0.0,0.0,0.0,0.0,0.0,0.0,0.0,8.858505834253867,0.0,0.0,0.0,0.0,0.0,0.0,0.0,0.0,0.0,3.9669077496279,0.0,0.0,0.0,0.0,0.0,0.0,0.0,0.0,0.0,0.0,0.0
ES,2050,h2,0.0,0.0,0.0,0.0,0.0,0.0,0.0,0.0,0.0,0.0,0.0,0.0,0.7745360001729743,0.0,0.0,0.0,0.0,0.0,0.0,0.0,0.0,0.0,0.0,0.0,0.0,0.0,0.0,8.711161427254956,0.0,0.0,0.0,0.0,0.0
FI,2050,h2,0.0,0.0,0.0,0.0,0.0,0.0,0.0,0.0,0.0,0.0,0.0,0.0,0.0,0.0,0.0,0.0,0.0,0.0,0.0,0.0,0.0,0.0,0.0,0.0,0.0,0.0,0.0,0.0,0.0,0.0,0.3744619484321834,0.0,0.0
FR,2050,h2,0.0,0.0,0.0,0.18942317447174462,0.0,0.23548318515216926,0.0,0.0,0.0,0.0,0.3601339233391473,0.0,0.0,0.0,0.0,0.0,0.0,0.8073649853587798,0.0,0.0,0.0,0.0,0.0,0.0,0.0,0.0,0.0,0.0,0.0,0.0,0.0,0.0,0.0
GB,2050,h2,0.0,0.0,0.0,0.3646325676645993,0.0,0.0,0.0,0.0,0.0,0.0,0.0,0.0,0.0,0.0,0.0,0.0,0.0,0.11087668132857204,0.0,0.0,0.0,0.0,0.0,0.0,0.1770631271551394,0.2726908107140147,0.0,0.0,0.0,0.0,0.0,0.0,0.0
GR,2050,h2,0.6016956988215365,0.0,0.0,0.0,2.174461484003765,0.0,0.0,0.0,0.0,0.0,0.0,0.0,0.0,0.0,0.0,0.0,0.0,0.0,0.0,0.0,0.0,0.0,0.0,0.17514172650358656,0.0,0.0,0.0,0.0,0.0,0.0,0.0,0.0,0.0
HR,2050,h2,0.0,0.0,0.11002430374165023,0.0,0.0,0.0,0.0,0.0,0.0,0.0,0.0,0.0,0.0,0.0,0.0,0.0,0.0,0.0,0.0,0.0,0.0,0.0,0.0,0.0,0.0,0.0,0.0,0.0,0.0,0.0,0.0,0.0,0.0
HU,2050,h2,0.0,0.11042724038573726,0.0,0.0,0.0,0.0,0.0,0.0,0.0,0.0,0.0,0.0,0.0,0.0,0.0,0.0,0.0,0.0,0.0,0.0,0.0,0.0,0.0,0.0,0.0,0.0,0.0,0.0,0.26933146101763017,0.0,0.0,0.0,0.10148598800427218
IE,2050,h2,0.0,0.0,0.0,0.0,0.0,0.0,0.0,0.0,0.0,0.0,0.0,0.0,4.245598945549284,0.22530050418064385,0.0,0.0,0.0,0.0,0.0,0.0,0.0,0.0,0.0,0.0,0.0,0.0,0.0,0.0,0.0,0.0,0.0,0.0,0.0
IT,2050,h2,2.647039204285902,0.1224612309864128,0.0,0.0,0.0,0.208746917515118,0.0,0.0,0.0,0.0,0.0,0.0,0.0,0.0,0.0,0.0,0.0,0.0,0.0,0.0,0.0,0.0,0.0,0.0,0.0,0.0,0.0,0.0,0.0,0.0,0.0,0.8882850984456006,0.0
LT,2050,h2,0.0,0.0,0.0,0.0,0.0,0.0,0.0,0.0,0.0,0.0,0.0,0.0,0.0,0.0,0.0,0.0,0.0,0.0,0.0,0.0,0.0,4.135073435656144,0.0,0.0,0.0,0.0,0.36044463294602425,0.0,0.0,0.0,0.0,0.0,0.0
LU,2050,h2,0.0,0.0,0.0,0.0,0.0,0.0,0.0,0.0,0.0,0.0,0.0,0.0,0.0,0.0,0.0,0.0,0.0,0.0,0.0,0.0,0.0,0.0,0.0,0.0,0.0,0.0,0.0,0.0,0.0,0.0,0.0,0.0,0.0
LV,2050,h2,0.0,0.0,0.0,0.0,0.0,0.0,0.0,0.0,0.0,5.8566556359954305,0.0,0.0,0.0,0.0,0.0,0.0,0.0,0.0,0.0,2.4398004522726624,0.0,0.0,0.0,0.0,0.0,0.0,0.0,0.0,0.0,0.0,0.0,0.0,0.0
ME,2050,h2,0.6041717341577837,0.0,2.0820958109446375,0.0,0.0,0.0,0.0,0.0,0.0,0.0,0.0,0.0,0.0,0.0,0.0,0.0,0.0,0.0,0.0,0.0,0.0,0.0,0.0,0.0,0.0,0.0,0.0,0.0,0.0,0.0,0.0,0.0,0.0
MK,2050,h2,7.66494600886746,0.0,0.0,0.0,1.0079591930797571,0.0,0.0,0.0,0.0,0.0,0.0,0.0,0.0,0.0,2.7062196136366614,0.0,0.0,0.0,0.0,0.0,0.0,0.0,0.0,0.0,0.0,0.0,0.0,0.0,0.0,0.21141550279266813,0.0,0.0,0.0
NL,2050,h2,0.0,0.0,0.0,0.22924501529563784,0.0,0.0,0.0,0.6639326543213612,0.2989103389133547,0.0,0.0,0.0,0.0,0.16592592403263187,0.0,0.0,0.0,0.0,0.0,0.0,0.0,0.0,0.0,0.0,0.0,0.0,0.0,0.0,0.0,0.0,0.0,0.0,0.0
NO,2050,h2,0.0,0.0,0.0,0.0,0.0,0.0,0.0,0.0,0.0,0.0,0.0,0.0,0.0,0.0,0.0,0.0,0.0,0.0,0.0,0.0,0.0,0.0,0.0,0.0,0.0,0.0,0.0,0.0,0.0,0.0,0.8982066346168139,0.0,0.0
PL,2050,h2,0.0,0.0,0.0,0.0,0.0,0.0,0.31380691344948386,1.1032090517143047,0.0,0.0,0.0,0.0,0.0,0.0,0.0,0.0,0.0,0.0,0.0,0.37029140282511613,0.0,0.0,0.0,0.0,0.0,0.0,0.0,0.0,0.0,0.0,0.0,0.0,0.2093580470102559
PT,2050,h2,0.0,0.0,0.0,0.0,0.0,0.0,0.0,0.0,0.0,0.0,0.19518180997525317,0.0,0.0,0.0,0.0,0.0,0.0,0.0,0.0,0.0,0.0,0.0,0.0,0.0,0.0,0.0,0.0,0.0,0.0,0.0,0.0,0.0,0.0
RO,2050,h2,0.0,0.0,0.0,0.0,0.11396472495619092,0.0,0.0,0.0,0.0,0.0,0.0,0.0,0.0,0.0,0.0,0.0,0.5876772119412457,0.0,0.0,0.0,0.0,0.0,0.0,0.0,0.0,0.0,0.0,0.0,0.0,0.0,0.0,0.0,0.0
RS,2050,h2,0.0,0.0,0.16738767002417904,0.0,0.0,0.0,0.0,0.0,0.0,0.0,0.0,0.0,0.0,0.0,0.0,0.0,0.13719013902195018,0.0,0.0,0.0,0.0,0.0,0.0,0.0,0.0,0.0,0.0,0.0,0.0,0.0,0.0,0.0,0.0
SE,2050,h2,0.0,0.0,0.0,0.0,0.0,0.0,0.0,0.0,0.0,0.0,0.0,0.45034784634377606,0.0,0.0,0.0,0.0,0.0,0.0,0.0,0.0,0.0,0.0,0.0,0.0,0.0,0.6144547803999179,0.0,0.0,0.0,0.0,0.0,0.0,0.0
SI,2050,h2,0.0,0.22282105617438225,0.0,0.0,0.0,0.0,0.0,0.0,0.0,0.0,0.0,0.0,0.0,0.0,0.0,0.10435008621945305,0.0,0.0,0.17891324745347215,0.0,0.0,0.0,0.0,0.0,0.0,0.0,0.0,0.0,0.0,0.0,0.0,0.0,0.0
SK,2050,h2,0.0,0.0,0.0,0.0,0.0,0.0,0.0,0.0,0.0,0.0,0.0,0.0,0.0,0.0,0.0,0.0,0.17927512716678473,0.0,0.0,0.0,0.0,0.0,0.0,0.0,0.0,0.0,0.0,0.0,0.0,0.0,0.0,0.0,0.0
AL,2030,gas,0.0,0.0,0.0,0.0,0.0,0.0,0.0,0.0,0.0,0.0,0.0,0.0,0.0,0.0,0.0,0.0,0.0,0.0,63.32461171790686,0.0,0.0,0.0,0.0,0.0,0.0,0.0,0.0,0.0,0.0,0.0,0.0,0.0,0.0
AT,2030,gas,0.0,0.0,0.0,0.0,0.0,0.0,0.0,3.5296032097864023,0.0,0.0,0.0,0.0,0.0,0.0,0.0,0.0,22.805432555608938,0.0,48.64372812058552,0.0,0.0,0.0,0.0,0.0,0.0,0.0,0.0,0.0,0.0,0.0,0.0,20.81275877799468,8.819419859213244
BA,2030,gas,0.0,0.0,0.0,0.0,0.0,0.0,0.0,0.0,0.0,0.0,0.0,0.0,0.0,0.0,0.0,0.0,0.0,0.0,0.0,0.0,0.0,0.0,1.0281940416454716,0.0,0.0,0.0,0.0,0.0,0.0,1.599655863786463,0.0,0.0,0.0
BE,2030,gas,0.0,0.0,0.0,0.0,0.0,0.0,0.0,0.0,0.0,0.0,0.0,0.0,48.49209763062633,84.12625025983738,0.0,0.0,0.0,0.0,0.0,0.0,7.610046703630435,0.0,0.0,0.0,44.39380329728537,0.0,0.0,0.0,0.0,0.0,0.0,0.0,0.0
BG,2030,gas,0.0,0.0,0.0,0.0,0.0,0.0,0.0,0.0,0.0,0.0,0.0,0.0,0.0,0.0,19.095098669414607,0.0,0.0,0.0,0.0,0.0,0.0,0.0,0.0,1.6449086012568763,0.0,0.0,0.0,0.0,7.295788872792624,0.0,0.0,0.0,0.0
CH,2030,gas,0.0,6.219489455969403,0.0,0.0,0.0,0.0,0.0,2.104725953165268,0.0,0.0,0.0,0.0,22.303935564055834,0.0,0.0,0.0,0.0,0.0,0.0,0.0,0.0,0.0,0.0,0.0,0.0,0.0,0.0,0.0,0.0,0.0,0.0,0.0,0.0
CZ,2030,gas,0.0,0.0,0.0,0.0,0.0,0.0,0.0,11.69493770770657,0.0,0.0,0.0,0.0,0.0,0.0,0.0,0.0,0.0,0.0,0.0,0.0,0.0,0.0,0.0,0.0,0.0,0.0,16.99107427184151,0.0,0.0,0.0,0.0,0.0,8.011087625130854
DE,2030,gas,0.0,11.538282596723612,0.0,38.38011595501052,0.0,9.988881382938283,163.38267726042386,0.0,0.0,0.0,0.0,0.0,231.7784936898209,0.0,0.0,0.0,0.0,0.0,0.0,0.0,6.1073080716399595,0.0,0.0,0.0,133.46353403219467,0.0,160.9971406551112,0.0,0.0,0.0,0.0,0.0,0.0
DK,2030,gas,0.0,0.0,0.0,0.0,0.0,0.0,0.0,1.5660992903748894,0.0,0.0,0.0,0.0,0.0,0.0,0.0,0.0,0.0,0.0,0.0,0.0,0.0,0.0,0.0,0.0,0.0,15.16060746323679,0.0,0.0,0.0,0.0,19.85770413281384,0.0,0.0
EE,2030,gas,0.0,0.0,0.0,0.0,0.0,0.0,0.0,0.0,0.0,0.0,0.0,0.0,0.0,0.0,0.0,0.0,0.0,0.0,0.0,0.0,0.0,4.984154675775085,0.0,0.0,0.0,0.0,0.0,0.0,0.0,0.0,0.0,0.0,0.0
ES,2030,gas,0.0,0.0,0.0,0.0,0.0,0.0,0.0,0.0,0.0,0.0,0.0,0.0,12.543116861301385,0.0,0.0,0.0,0.0,0.0,0.0,0.0,0.0,0.0,0.0,0.0,0.0,0.0,0.0,28.754777956104405,0.0,0.0,0.0,0.0,0.0
FI,2030,gas,0.0,0.0,0.0,0.0,0.0,0.0,0.0,0.0,0.0,0.0,0.0,0.0,0.0,0.0,0.0,0.0,0.0,0.0,0.0,0.0,0.0,0.0,0.0,0.0,0.0,0.0,0.0,0.0,0.0,0.0,0.0,0.0,0.0
FR,2030,gas,0.0,0.0,0.0,0.0,0.0,5.960356772261299,0.0,299.2981300361304,0.0,0.0,5.920989248646695,0.0,0.0,0.0,0.0,0.0,0.0,0.0,0.0,0.0,7.702072156384826,0.0,0.0,0.0,0.0,0.0,0.0,0.0,0.0,0.0,0.0,0.0,0.0
GB,2030,gas,0.0,0.0,0.0,0.0,0.0,0.0,0.0,0.0,0.0,0.0,0.0,0.0,0.0,0.0,0.0,0.0,0.0,13.16791912676193,0.0,0.0,0.0,0.0,0.0,0.0,32.24752187670016,168.23253482608303,0.0,0.0,0.0,0.0,0.0,0.0,0.0
GR,2030,gas,42.378726938309825,0.0,0.0,0.0,7.181807247654596,0.0,0.0,0.0,0.0,0.0,0.0,0.0,0.0,0.0,0.0,0.0,0.0,0.0,0.0,0.0,0.0,0.0,0.0,0.0,0.0,0.0,0.0,0.0,0.0,0.0,0.0,0.0,0.0
HR,2030,gas,0.0,0.0,0.0,0.0,0.0,0.0,0.0,0.0,0.0,0.0,0.0,0.0,0.0,0.0,0.0,0.0,0.0,0.0,0.0,0.0,0.0,0.0,0.0,0.0,0.0,0.0,0.0,0.0,0.0,0.0,0.0,5.228853736971211,0.0
HU,2030,gas,0.0,6.587986044617665,0.0,0.0,0.0,0.0,0.0,0.0,0.0,0.0,0.0,0.0,0.0,0.0,0.0,6.371154202041021,0.0,0.0,0.0,0.0,0.0,0.0,0.0,0.0,0.0,0.0,0.0,0.0,0.0,20.895258241606783,0.0,0.0,0.0
IE,2030,gas,0.0,0.0,0.0,0.0,0.0,0.0,0.0,0.0,0.0,0.0,0.0,0.0,0.0,25.492907566327577,0.0,0.0,0.0,0.0,0.0,0.0,0.0,0.0,0.0,0.0,0.0,0.0,0.0,0.0,0.0,0.0,0.0,0.0,0.0
IT,2030,gas,0.0,88.28300701668027,0.0,0.0,0.0,8.467768844652246,0.0,0.0,0.0,0.0,34.615805338971676,0.0,0.0,0.0,0.0,0.0,0.0,0.0,0.0,0.0,0.0,0.0,0.0,0.0,0.0,0.0,0.0,0.0,0.0,0.0,0.0,0.0,0.0
LT,2030,gas,0.0,0.0,0.0,0.0,0.0,0.0,0.0,0.0,0.0,0.0,0.0,0.0,0.0,0.0,0.0,0.0,0.0,0.0,0.0,0.0,0.0,5.17412115541646,0.0,0.0,0.0,0.0,0.0,0.0,0.0,0.0,0.0,0.0,0.0
LU,2030,gas,0.0,0.0,0.0,8.503498987837354,0.0,0.0,0.0,0.0,0.0,0.0,0.0,0.0,6.859164862407878,0.0,0.0,0.0,0.0,0.0,0.0,0.0,0.0,0.0,0.0,0.0,0.0,0.0,0.0,0.0,0.0,0.0,0.0,0.0,0.0
LV,2030,gas,0.0,0.0,0.0,0.0,0.0,0.0,0.0,0.0,0.0,0.0,0.0,0.0,0.0,0.0,0.0,0.0,0.0,0.0,0.0,1.114682016311363,0.0,0.0,0.0,0.0,0.0,0.0,0.0,0.0,0.0,0.0,0.0,0.0,0.0
ME,2030,gas,0.0,0.0,0.0,0.0,0.0,0.0,0.0,0.0,0.0,0.0,0.0,0.0,0.0,0.0,0.0,0.0,0.0,0.0,0.0,0.0,0.0,0.0,0.0,0.0,0.0,0.0,0.0,0.0,0.0,0.0,0.0,0.0,0.0
MK,2030,gas,0.0,0.0,0.0,0.0,0.0,0.0,0.0,0.0,0.0,0.0,0.0,0.0,0.0,0.0,0.0,0.0,0.0,0.0,0.0,0.0,0.0,0.0,0.0,0.0,0.0,0.0,0.0,0.0,0.0,0.0,0.0,0.0,0.0
NL,2030,gas,0.0,0.0,0.0,52.09842843225678,0.0,0.0,0.0,61.62621037687454,0.0,0.0,0.0,0.0,0.0,6.332011130270825,0.0,0.0,0.0,0.0,0.0,0.0,0.0,0.0,0.0,0.0,0.0,6.2044537656784495,0.0,0.0,0.0,0.0,0.0,0.0,0.0
NO,2030,gas,0.0,0.0,0.0,84.17394834899133,0.0,0.0,0.0,210.9143813970104,0.0,0.0,0.0,0.0,92.02617812249284,220.0693504055,0.0,0.0,0.0,0.0,0.0,0.0,0.0,0.0,0.0,0.0,0.0,0.0,0.0,0.0,0.0,0.0,0.0,0.0,0.0
PL,2030,gas,0.0,0.0,0.0,0.0,0.0,0.0,23.524973700601656,139.3245722822145,0.0,0.0,0.0,0.0,0.0,0.0,0.0,0.0,0.0,0.0,0.0,0.0,0.0,0.0,0.0,0.0,0.0,0.0,0.0,0.0,0.0,0.0,0.0,0.0,0.0
PT,2030,gas,0.0,0.0,0.0,0.0,0.0,0.0,0.0,0.0,0.0,0.0,0.0,0.0,0.0,0.0,0.0,0.0,0.0,0.0,0.0,0.0,0.0,0.0,0.0,0.0,0.0,0.0,0.0,0.0,0.0,0.0,0.0,0.0,0.0
RO,2030,gas,0.0,0.0,0.0,0.0,0.7449901108896335,0.0,0.0,0.0,0.0,0.0,0.0,0.0,0.0,0.0,0.0,0.0,6.606258809303975,0.0,0.0,0.0,0.0,0.0,0.0,0.0,0.0,0.0,0.0,0.0,0.0,0.0,0.0,0.0,0.0
RS,2030,gas,0.0,0.0,5.820197722817422,0.0,0.0,0.0,0.0,0.0,0.0,0.0,0.0,0.0,0.0,0.0,0.0,0.0,0.0,0.0,0.0,0.0,0.0,0.0,0.0,0.0,0.0,0.0,0.0,0.0,0.0,0.0,0.0,0.0,0.0
SE,2030,gas,0.0,0.0,0.0,0.0,0.0,0.0,0.0,0.0,0.0,0.0,0.0,0.0,0.0,0.0,0.0,0.0,0.0,0.0,0.0,0.0,0.0,0.0,0.0,0.0,0.0,0.0,0.0,0.0,0.0,0.0,0.0,0.0,0.0
SI,2030,gas,0.0,0.0,0.0,0.0,0.0,0.0,0.0,0.0,0.0,0.0,0.0,0.0,0.0,0.0,0.0,6.95890724882404,0.0,0.0,4.168886659360632,0.0,0.0,0.0,0.0,0.0,0.0,0.0,0.0,0.0,0.0,0.0,0.0,0.0,0.0
SK,2030,gas,0.0,0.0,0.0,0.0,0.0,0.0,144.47556499122734,0.0,0.0,0.0,0.0,0.0,0.0,0.0,0.0,0.0,17.301490204003738,0.0,0.0,0.0,0.0,0.0,0.0,0.0,0.0,0.0,0.0,0.0,0.0,0.0,0.0,0.0,0.0
AL,2040,gas,0.0,0.0,0.0,0.0,0.0,0.0,0.0,0.0,0.0,0.0,0.0,0.0,0.0,0.0,0.0,0.0,0.0,0.0,59.005439132442206,0.0,0.0,0.0,0.0,0.0,0.0,0.0,0.0,0.0,0.0,0.0,0.0,0.0,0.0
AT,2040,gas,0.0,0.0,0.0,0.0,0.0,0.0,0.0,7.913193377193372,0.0,0.0,0.0,0.0,0.0,0.0,0.0,0.0,24.58325478182546,0.0,49.09392620370518,0.0,0.0,0.0,0.0,0.0,0.0,0.0,0.0,0.0,0.0,0.0,0.0,18.653985346835974,10.02486875574168
BA,2040,gas,0.0,0.0,0.0,0.0,0.0,0.0,0.0,0.0,0.0,0.0,0.0,0.0,0.0,0.0,0.0,0.0,0.0,0.0,0.0,0.0,0.0,0.0,1.0284042179318498,0.0,0.0,0.0,0.0,0.0,0.0,1.2698171552360122,0.0,0.0,0.0
BE,2040,gas,0.0,0.0,0.0,0.0,0.0,0.0,0.0,0.0,0.0,0.0,0.0,0.0,70.52393212785313,84.04927868985581,0.0,0.0,0.0,0.0,0.0,0.0,7.09508585408876,0.0,0.0,0.0,46.33921347248352,0.0,0.0,0.0,0.0,0.0,0.0,0.0,0.0
BG,2040,gas,0.0,0.0,0.0,0.0,0.0,0.0,0.0,0.0,0.0,0.0,0.0,0.0,0.0,0.0,12.974589261097371,0.0,0.0,0.0,0.0,0.0,0.0,0.0,0.0,2.513360718378375,0.0,0.0,0.0,0.0,5.911358998300335,0.0,0.0,0.0,0.0
CH,2040,gas,0.0,5.157276879701026,0.0,0.0,0.0,0.0,0.0,1.8413826063227257,0.0,0.0,0.0,0.0,24.76558061920509,0.0,0.0,0.0,0.0,0.0,0.0,0.0,0.0,0.0,0.0,0.0,0.0,0.0,0.0,0.0,0.0,0.0,0.0,0.0,0.0
CZ,2040,gas,0.0,0.0,0.0,0.0,0.0,0.0,0.0,12.20933963243893,0.0,0.0,0.0,0.0,0.0,0.0,0.0,0.0,0.0,0.0,0.0,0.0,0.0,0.0,0.0,0.0,0.0,0.0,16.75511843928286,0.0,0.0,0.0,0.0,0.0,7.326638576711327
DE,2040,gas,0.0,3.352273799826323,0.0,38.12780502061193,0.0,9.704430211017447,161.31019434041013,0.0,5.057776250614367,0.0,0.0,0.0,239.2603715340187,0.0,0.0,0.0,0.0,0.0,0.0,0.0,5.7793461135047455,0.0,0.0,0.0,137.982424510005,0.0,173.66546850055653,0.0,0.0,0.0,0.0,0.0,0.0
DK,2040,gas,0.0,0.0,0.0,0.0,0.0,0.0,0.0,6.594838795765531,0.0,0.0,0.0,0.0,0.0,0.0,0.0,0.0,0.0,0.0,0.0,0.0,0.0,0.0,0.0,0.0,0.0,13.643982388837141,0.0,0.0,0.0,0.0,29.60288069328442,0.0,0.0
EE,2040,gas,0.0,0.0,0.0,0.0,0.0,0.0,0.0,0.0,0.0,0.0,0.0,0.0,0.0,0.0,0.0,0.0,0.0,0.0,0.0,0.0,0.0,4.924402233595762,0.0,0.0,0.0,0.0,0.0,0.0,0.0,0.0,0.0,0.0,0.0
ES,2040,gas,0.0,0.0,0.0,0.0,0.0,0.0,0.0,0.0,0.0,0.0,0.0,0.0,0.2872538719551374,0.0,0.0,0.0,0.0,0.0,0.0,0.0,0.0,0.0,0.0,0.0,0.0,0.0,0.0,16.76866498783292,0.0,0.0,0.0,0.0,0.0
FI,2040,gas,0.0,0.0,0.0,0.0,0.0,0.0,0.0,0.0,0.0,0.0,0.0,0.0,0.0,0.0,0.0,0.0,0.0,0.0,0.0,0.0,0.0,0.0,0.0,0.0,0.0,0.0,0.0,0.0,0.0,0.0,9.785605569569034,0.0,0.0
FR,2040,gas,0.0,0.0,0.0,0.0,0.0,5.408487591920672,0.0,300.38352743221384,0.0,0.0,1.7422003181520775,0.0,0.0,0.0,0.0,0.0,0.0,0.0,0.0,0.0,7.240242926541022,0.0,0.0,0.0,0.0,0.0,0.0,0.0,0.0,0.0,0.0,0.0,0.0
GB,2040,gas,0.0,0.0,0.0,0.0,0.0,0.0,0.0,0.0,0.0,0.0,0.0,0.0,0.0,0.0,0.0,0.0,0.0,18.6779335744592,0.0,0.0,0.0,0.0,0.0,0.0,43.97719723773331,189.9788869380535,0.0,0.0,0.0,0.0,0.0,0.0,0.0
GR,2040,gas,39.39274336014268,0.0,0.0,0.0,9.334576371747763,0.0,0.0,0.0,0.0,0.0,0.0,0.0,0.0,0.0,0.0,0.0,0.0,0.0,0.0,0.0,0.0,0.0,0.0,0.0,0.0,0.0,0.0,0.0,0.0,0.0,0.0,0.0,0.0
HR,2040,gas,0.0,0.0,0.0,0.0,0.0,0.0,0.0,0.0,0.0,0.0,0.0,0.0,0.0,0.0,0.0,0.0,0.0,0.0,0.0,0.0,0.0,0.0,0.0,0.0,0.0,0.0,0.0,0.0,0.0,0.0,0.0,5.317707884671763,0.0
HU,2040,gas,0.0,6.32569542073538,0.0,0.0,0.0,0.0,0.0,0.0,0.0,0.0,0.0,0.0,0.0,0.0,0.0,3.9058265113242636,0.0,0.0,0.0,0.0,0.0,0.0,0.0,0.0,0.0,0.0,0.0,0.0,0.0,24.318631849820882,0.0,0.0,0.0
IE,2040,gas,0.0,0.0,0.0,0.0,0.0,0.0,0.0,0.0,0.0,0.0,0.0,0.0,0.0,73.94317500411267,0.0,0.0,0.0,0.0,0.0,0.0,0.0,0.0,0.0,0.0,0.0,0.0,0.0,0.0,0.0,0.0,0.0,0.0,0.0
IT,2040,gas,0.0,114.37779824009996,0.0,0.0,0.0,11.630824378724544,0.0,0.0,0.0,0.0,34.61464162367993,0.0,0.0,0.0,0.0,0.0,0.0,0.0,0.0,0.0,0.0,0.0,0.0,0.0,0.0,0.0,0.0,0.0,0.0,0.0,0.0,0.0,0.0
LT,2040,gas,0.0,0.0,0.0,0.0,0.0,0.0,0.0,0.0,0.0,0.0,0.0,0.0,0.0,0.0,0.0,0.0,0.0,0.0,0.0,0.0,0.0,4.991097819861482,0.0,0.0,0.0,0.0,0.0,0.0,0.0,0.0,0.0,0.0,0.0
LU,2040,gas,0.0,0.0,0.0,7.807058421990401,0.0,0.0,0.0,0.0,0.0,0.0,0.0,0.0,6.570559824892969,0.0,0.0,0.0,0.0,0.0,0.0,0.0,0.0,0.0,0.0,0.0,0.0,0.0,0.0,0.0,0.0,0.0,0.0,0.0,0.0
LV,2040,gas,0.0,0.0,0.0,0.0,0.0,0.0,0.0,0.0,0.0,0.0,0.0,0.0,0.0,0.0,0.0,0.0,0.0,0.0,0.0,1.827799288713444,0.0,0.0,0.0,0.0,0.0,0.0,0.0,0.0,0.0,0.0,0.0,0.0,0.0
ME,2040,gas,0.0,0.0,0.0,0.0,0.0,0.0,0.0,0.0,0.0,0.0,0.0,0.0,0.0,0.0,0.0,0.0,0.0,0.0,0.0,0.0,0.0,0.0,0.0,0.0,0.0,0.0,0.0,0.0,0.0,0.0,0.0,0.0,0.0
MK,2040,gas,0.0,0.0,0.0,0.0,0.0,0.0,0.0,0.0,0.0,0.0,0.0,0.0,0.0,0.0,0.0,0.0,0.0,0.0,0.0,0.0,0.0,0.0,0.0,0.0,0.0,0.0,0.0,0.0,0.0,0.0,0.0,0.0,0.0
NL,2040,gas,0.0,0.0,0.0,52.44233132127651,0.0,0.0,0.0,64.02621311367434,0.0,0.0,0.0,0.0,0.0,4.999651853752866,0.0,0.0,0.0,0.0,0.0,0.0,0.0,0.0,0.0,0.0,0.0,6.000578631199558,0.0,0.0,0.0,0.0,0.0,0.0,0.0
NO,2040,gas,0.0,0.0,0.0,83.69913349255137,0.0,0.0,0.0,207.38368574498384,0.0,0.0,0.0,0.0,93.27415041870415,208.58729024742408,0.0,0.0,0.0,0.0,0.0,0.0,0.0,0.0,0.0,0.0,0.0,0.0,0.0,0.0,0.0,0.0,0.0,0.0,0.0
PL,2040,gas,0.0,0.0,0.0,0.0,0.0,0.0,24.192594811435846,138.16872951982225,0.0,0.0,0.0,0.0,0.0,0.0,0.0,0.0,0.0,0.0,0.0,0.0,0.0,0.0,0.0,0.0,0.0,0.0,0.0,0.0,0.0,0.0,0.0,0.0,0.0
PT,2040,gas,0.0,0.0,0.0,0.0,0.0,0.0,0.0,0.0,0.0,0.0,0.0,0.0,0.0,0.0,0.0,0.0,0.0,0.0,0.0,0.0,0.0,0.0,0.0,0.0,0.0,0.0,0.0,0.0,0.0,0.0,0.0,0.0,0.0
RO,2040,gas,0.0,0.0,0.0,0.0,1.3615724502732696,0.0,0.0,0.0,0.0,0.0,0.0,0.0,0.0,0.0,0.0,0.0,5.974058652639252,0.0,0.0,0.0,0.0,0.0,0.0,0.0,0.0,0.0,0.0,0.0,0.0,0.0,0.0,0.0,0.0
RS,2040,gas,0.0,0.0,6.105717469751794,0.0,0.0,0.0,0.0,0.0,0.0,0.0,0.0,0.0,0.0,0.0,0.0,0.0,0.0,0.0,0.0,0.0,0.0,0.0,0.0,0.0,0.0,0.0,0.0,0.0,0.0,0.0,0.0,0.0,0.0
SE,2040,gas,0.0,0.0,0.0,0.0,0.0,0.0,0.0,0.0,0.0,0.0,0.0,0.0,0.0,0.0,0.0,0.0,0.0,0.0,0.0,0.0,0.0,0.0,0.0,0.0,0.0,0.0,0.0,0.0,0.0,0.0,0.0,0.0,0.0
SI,2040,gas,0.0,0.0,0.0,0.0,0.0,0.0,0.0,0.0,0.0,0.0,0.0,0.0,0.0,0.0,0.0,6.359222560972162,0.0,0.0,4.017906855775476,0.0,0.0,0.0,0.0,0.0,0.0,0.0,0.0,0.0,0.0,0.0,0.0,0.0,0.0
SK,2040,gas,0.0,0.0,0.0,0.0,0.0,0.0,147.00175235133622,0.0,0.0,0.0,0.0,0.0,0.0,0.0,0.0,0.0,17.778785849589863,0.0,0.0,0.0,0.0,0.0,0.0,0.0,0.0,0.0,0.0,0.0,0.0,0.0,0.0,0.0,0.0
AL,2050,gas,0.0,0.0,0.0,0.0,0.0,0.0,0.0,0.0,0.0,0.0,0.0,0.0,0.0,0.0,0.0,0.0,0.0,0.0,0.0,0.0,0.0,0.0,0.0,0.0,0.0,0.0,0.0,0.0,0.0,0.0,0.0,0.0,0.0
AT,2050,gas,0.0,0.0,0.0,0.0,0.0,0.0,0.0,0.900868196865839,0.0,0.0,0.0,0.0,0.0,0.0,0.0,0.0,12.532594650976067,0.0,48.19132263208588,0.0,0.0,0.0,0.0,0.0,0.0,0.0,0.0,0.0,0.0,0.0,0.0,13.66844131386953,13.320871055798632
BA,2050,gas,0.0,0.0,0.0,0.0,0.0,0.0,0.0,0.0,0.0,0.0,0.0,0.0,0.0,0.0,0.0,0.0,0.0,0.0,0.0,0.0,0.0,0.0,0.8835161307828032,0.0,0.0,0.0,0.0,0.0,0.0,2.5688126679805894,0.0,0.0,0.0
BE,2050,gas,0.0,0.0,0.0,0.0,0.0,0.0,0.0,0.0,0.0,0.0,0.0,0.0,43.125239601124456,84.47098939542693,0.0,0.0,0.0,0.0,0.0,0.0,6.733957147141843,0.0,0.0,0.0,47.25521925385576,0.0,0.0,0.0,0.0,0.0,0.0,0.0,0.0
BG,2050,gas,0.0,0.0,0.0,0.0,0.0,0.0,0.0,0.0,0.0,0.0,0.0,0.0,0.0,0.0,13.682350295360925,0.0,0.0,0.0,0.0,0.0,0.0,0.0,0.0,1.0541631296635132,0.0,0.0,0.0,0.0,0.0,0.0,0.0,0.0,0.0
CH,2050,gas,0.0,6.537779738067869,0.0,0.0,0.0,0.0,0.0,1.6497510187891076,0.0,0.0,0.0,0.0,15.469043083681054,0.0,0.0,0.0,0.0,0.0,9.74300942790969,0.0,0.0,0.0,0.0,0.0,0.0,0.0,0.0,0.0,0.0,0.0,0.0,0.0,0.0
CZ,2050,gas,0.0,0.0,0.0,0.0,0.0,0.0,0.0,11.677638053372544,0.0,0.0,0.0,0.0,0.0,0.0,0.0,0.0,0.0,0.0,0.0,0.0,0.0,0.0,0.0,0.0,0.0,0.0,17.05158470888421,0.0,0.0,0.0,0.0,0.0,7.061507382280109
DE,2050,gas,0.0,0.9327428658006407,0.0,38.68174475426493,0.0,8.993521802323027,160.10110044319333,0.0,0.13169215993546116,0.0,0.0,0.0,204.4090332140988,0.0,0.0,0.0,0.0,0.0,0.0,0.0,5.565525556211772,0.0,0.0,0.0,123.42511302915885,0.0,151.40113958722065,0.0,0.0,0.0,0.0,0.0,0.0
DK,2050,gas,0.0,0.0,0.0,0.0,0.0,0.0,0.0,0.13315921920500662,0.0,0.0,0.0,0.0,0.0,0.0,0.0,0.0,0.0,0.0,0.0,0.0,0.0,0.0,0.0,0.0,0.0,15.396381380046538,0.0,0.0,0.0,0.0,7.778776935673129,0.0,0.0
EE,2050,gas,0.0,0.0,0.0,0.0,0.0,0.0,0.0,0.0,0.0,0.0,0.0,0.0,0.0,0.0,0.0,0.0,0.0,0.0,0.0,0.0,0.0,0.0,0.0,0.0,0.0,0.0,0.0,0.0,0.0,0.0,0.0,0.0,0.0
ES,2050,gas,0.0,0.0,0.0,0.0,0.0,0.0,0.0,0.0,0.0,0.0,0.0,0.0,23.763232690856064,0.0,0.0,0.0,0.0,0.0,0.0,0.0,0.0,0.0,0.0,0.0,0.0,0.0,0.0,0.0,0.0,0.0,0.0,0.0,0.0
FI,2050,gas,0.0,0.0,0.0,0.0,0.0,0.0,0.0,0.0,0.0,0.0,0.0,0.0,0.0,0.0,0.0,0.0,0.0,0.0,0.0,0.0,0.0,0.0,0.0,0.0,0.0,0.0,0.0,0.0,0.0,0.0,2.7408628921627596,0.0,0.0
FR,2050,gas,0.0,0.0,0.0,0.0,0.0,3.751799298220388,0.0,368.1750346553853,0.0,0.0,6.261614939714104,0.0,0.0,0.0,0.0,0.0,0.0,0.0,0.0,0.0,6.976486300165553,0.0,0.0,0.0,0.0,0.0,0.0,0.0,0.0,0.0,0.0,0.0,0.0
GB,2050,gas,0.0,0.0,0.0,0.0,0.0,0.0,0.0,0.0,0.0,0.0,0.0,0.0,0.0,0.0,0.0,0.0,0.0,0.0,0.0,0.0,0.0,0.0,0.0,0.0,0.0,237.72813561378646,0.0,0.0,0.0,0.0,0.0,0.0,0.0
GR,2050,gas,0.0,0.0,0.0,0.0,8.429483079508671,0.0,0.0,0.0,0.0,0.0,0.0,0.0,0.0,0.0,0.0,0.0,0.0,0.0,0.0,0.0,0.0,0.0,0.0,0.0,0.0,0.0,0.0,0.0,0.0,0.0,0.0,0.0,0.0
HR,2050,gas,0.0,0.0,0.0,0.0,0.0,0.0,0.0,0.0,0.0,0.0,0.0,0.0,0.0,0.0,0.0,0.0,1.518000504514971,0.0,0.0,0.0,0.0,0.0,0.0,0.0,0.0,0.0,0.0,0.0,0.0,0.0,0.0,6.415221041997547,0.0
HU,2050,gas,0.0,6.563151261796665,0.0,0.0,0.0,0.0,0.0,0.0,0.0,0.0,0.0,0.0,0.0,0.0,0.0,7.114101680969478,0.0,0.0,0.0,0.0,0.0,0.0,0.0,0.0,0.0,0.0,0.0,0.0,0.0,12.22040402095611,0.0,0.0,0.0
IE,2050,gas,0.0,0.0,0.0,0.0,0.0,0.0,0.0,0.0,0.0,0.0,0.0,0.0,0.0,0.0,0.0,0.0,0.0,0.0,0.0,0.0,0.0,0.0,0.0,0.0,0.0,0.0,0.0,0.0,0.0,0.0,0.0,0.0,0.0
IT,2050,gas,0.0,57.28325572301209,0.0,0.0,0.0,0.0,0.0,0.0,0.0,0.0,2.227000121980076,0.0,0.0,0.0,0.0,0.0,0.0,0.0,0.0,0.0,0.0,0.0,0.0,0.0,0.0,0.0,0.0,0.0,0.0,0.0,0.0,0.0,0.0
LT,2050,gas,0.0,0.0,0.0,0.0,0.0,0.0,0.0,0.0,0.0,0.0,0.0,0.0,0.0,0.0,0.0,0.0,0.0,0.0,0.0,0.0,0.0,3.1437295848138667,0.0,0.0,0.0,0.0,1.0499478956992205,0.0,0.0,0.0,0.0,0.0,0.0
LU,2050,gas,0.0,0.0,0.0,8.979944976658818,0.0,0.0,0.0,0.0,0.0,0.0,0.0,0.0,7.271225592260503,0.0,0.0,0.0,0.0,0.0,0.0,0.0,0.0,0.0,0.0,0.0,0.0,0.0,0.0,0.0,0.0,0.0,0.0,0.0,0.0
LV,2050,gas,0.0,0.0,0.0,0.0,0.0,0.0,0.0,0.0,0.0,0.0,0.0,0.0,0.0,0.0,0.0,0.0,0.0,0.0,0.0,3.6714241371496015,0.0,0.0,0.0,0.0,0.0,0.0,0.0,0.0,0.0,0.0,0.0,0.0,0.0
ME,2050,gas,0.0,0.0,0.166126598645772,0.0,0.0,0.0,0.0,0.0,0.0,0.0,0.0,0.0,0.0,0.0,0.0,0.0,0.0,0.0,0.0,0.0,0.0,0.0,0.0,0.0,0.0,0.0,0.0,0.0,0.0,0.0,0.0,0.0,0.0
MK,2050,gas,0.0,0.0,0.0,0.0,0.0,0.0,0.0,0.0,0.0,0.0,0.0,0.0,0.0,0.0,0.0,0.0,0.0,0.0,0.0,0.0,0.0,0.0,0.0,0.0,0.0,0.0,0.0,0.0,0.0,0.0,0.0,0.0,0.0
NL,2050,gas,0.0,0.0,0.0,50.915338881269335,0.0,0.0,0.0,49.49331795318527,0.0,0.0,0.0,0.0,0.0,0.0,0.0,0.0,0.0,0.0,0.0,0.0,0.0,0.0,0.0,0.0,0.0,6.5563793377874635,0.0,0.0,0.0,0.0,0.0,0.0,0.0
NO,2050,gas,0.0,0.0,0.0,69.03074926114755,0.0,0.0,0.0,129.57188004483282,0.0,0.0,0.0,0.0,71.28139378403355,127.71094996190263,0.0,0.0,0.0,0.0,0.0,0.0,0.0,0.0,0.0,0.0,0.0,0.0,0.0,0.0,0.0,0.0,0.0,0.0,0.0
PL,2050,gas,0.0,0.0,0.0,0.0,0.0,0.0,24.90084755164009,147.6890096342745,0.0,0.0,0.0,0.0,0.0,0.0,0.0,0.0,0.0,0.0,0.0,0.0,0.0,0.0,0.0,0.0,0.0,0.0,0.0,0.0,0.0,0.0,0.0,0.0,0.0
PT,2050,gas,0.0,0.0,0.0,0.0,0.0,0.0,0.0,0.0,0.0,0.0,0.0,0.0,0.0,0.0,0.0,0.0,0.0,0.0,0.0,0.0,0.0,0.0,0.0,0.0,0.0,0.0,0.0,0.0,0.0,0.0,0.0,0.0,0.0
RO,2050,gas,0.0,0.0,0.0,0.0,0.0,0.0,0.0,0.0,0.0,0.0,0.0,0.0,0.0,0.0,0.0,0.0,4.030724177475385,0.0,0.0,0.0,0.0,0.0,0.0,0.0,0.0,0.0,0.0,0.0,0.0,0.0,0.0,0.0,0.0
RS,2050,gas,0.0,0.0,5.486614027667003,0.0,0.0,0.0,0.0,0.0,0.0,0.0,0.0,0.0,0.0,0.0,0.0,0.0,0.0,0.0,0.0,0.0,0.0,0.0,0.0,0.0,0.0,0.0,0.0,0.0,0.0,0.0,0.0,0.0,0.0
SE,2050,gas,0.0,0.0,0.0,0.0,0.0,0.0,0.0,0.0,0.0,0.0,0.0,0.0,0.0,0.0,0.0,0.0,0.0,0.0,0.0,0.0,0.0,0.0,0.0,0.0,0.0,0.0,0.0,0.0,0.0,0.0,0.0,0.0,0.0
SI,2050,gas,0.0,0.0,0.0,0.0,0.0,0.0,0.0,0.0,0.0,0.0,0.0,0.0,0.0,0.0,0.0,6.204172449150153,0.0,0.0,6.82106760378997,0.0,0.0,0.0,0.0,0.0,0.0,0.0,0.0,0.0,0.0,0.0,0.0,0.0,0.0
SK,2050,gas,0.0,0.0,0.0,0.0,0.0,0.0,95.83521693631755,0.0,0.0,0.0,0.0,0.0,0.0,0.0,0.0,0.0,10.10730095332691,0.0,0.0,0.0,0.0,0.0,0.0,0.0,0.0,0.0,0.0,0.0,0.0,0.0,0.0,0.0,0.0
